email,firstname,lastname,SCHOOL_NAME,CITY,REGION,WEBSITE
supporto@patentedigitale.it,Autoscuola Torino Centro,-,Autoscuola Torino Centro,Torino,Piemonte,https://www.patentedigitale.it
info@autoscuolacasati.it,Autoscuola Casati,-,Autoscuola Casati,Milano,Lombardia,https://www.autoscuolacasati.it/
info@autoscuolasempione.it,Autoscuola Sempione Ag. Aci Mi 128,-,Autoscuola Sempione Ag. Aci Mi 128,Legnano,Lombardia,https://www.autoscuolasempione.com/
info@autoscuolaitribuni.it,I Tribuni Autoscuola,-,I Tribuni Autoscuola,Roma,Lazio,http://www.autoscuolaitribuni.it/
info@autoscuola.it,Autoscuola Pedalà - Como,-,Autoscuola Pedalà - Como,Como,Lombardia,http://www.autoscuola.it/
fabrizio@patenteweb.it,Autoscuole Patente Web Delegazione Aci Affiliata Ready2go,-,Autoscuole Patente Web Delegazione Aci Affiliata Ready2go,Roma,Lazio,https://www.patenteweb.it/
richieste@autoscuolauniversity.it,University,-,University,Marino,Lazio,http://www.autoscuolauniversity.it/
info@autoscuolamilano.it,AUTOSCUOLA L'ISTRUTTORE,-,AUTOSCUOLA L'ISTRUTTORE,Milano,Lombardia,https://www.autoscuolamilano.it/
sara@guidaconbrum.it,BRUM Milano - Autoscuola,-,BRUM Milano - Autoscuola,Milano,Lombardia,https://brumpatenti.it/
info@autoscuolaitalia.com,Autoscuola Vallecamonica,-,Autoscuola Vallecamonica,Brescia,Lombardia,https://www.autoscuolaitalia.com/
prenotazioni@visitaportodarmi.it,Rinnovo Patenti 65 € - Roma Tuscolana Cinecittà,-,Rinnovo Patenti 65 € - Roma Tuscolana Cinecittà,Roma,Lazio,https://www.visitaportodarmi.it/
autoscuola_piave@libero.it,RINNOVO PATENTE,-,RINNOVO PATENTE,Milano,Lombardia,https://www.autoscuolapiave.net/rinnovo-patente
info@autoscuoladiesel.it,Autoscuola Diesel,-,Autoscuola Diesel,Torino,Piemonte,http://www.autoscuoladiesel.it/
info@nexusmedia.it,Autoscuole Roma,-,Autoscuole Roma,Roma,Lazio,http://www.autoscuoleroma.com/
info@autoscuolaquinto.it,Autoscuola Quinto snc,-,Autoscuola Quinto snc,Quinto di Treviso,Veneto,https://www.autoscuolaquinto.it/
info@consorziocar.org,Consorzio Autoscuole Romane,-,Consorzio Autoscuole Romane,Roma,Lazio,http://www.consorziocar.org/
quintopraticheauto@gmail.com,Agenzia Quinto Pratiche Auto,-,Agenzia Quinto Pratiche Auto,Quinto di Treviso,Veneto,https://www.quintopraticheauto.com/
patente@drivesystem.it,Driving School Drive System,-,Driving School Drive System,Bologna,Emilia-Romagna,http://www.drivesystem.it/
info@autoscuolaelena.it,Autoscuola Elena,-,Autoscuola Elena,Palermo,Sicilia,http://www.autoscuolaelena.it/
autoscuolaroma@hotmail.it,Autoscuola Roma,-,Autoscuola Roma,Palermo,Sicilia,https://www.autoscuolaromapalermo.it/
autoscuolaeden@hotmail.it,Autoscuola Ed.En,-,Autoscuola Ed.En,Palermo,Sicilia,http://www.autoscuolaeden.it/
liberia.giorlando@libero.it,Autoscuola Liberia Giorlando,-,Autoscuola Liberia Giorlando,Partinico,Sicilia,http://www.autoscuolagiorlando.it/
info@autoscuoleallegra.it,Autoscuola Boccadifalco di Rosario Allegra,-,Autoscuola Boccadifalco di Rosario Allegra,Palermo,Sicilia,http://www.autoscuoleallegra.it/index.php/autoscuola-boccadifalco
autoscuolapomara@gmail.com,Autoscuola Pomara,-,Autoscuola Pomara,Palermo,Sicilia,http://www.autoscuolapomara.it/
autoscuolaoreto@gmail.com,Autoscuola Oreto,-,Autoscuola Oreto,Palermo,Sicilia,https://www.autoscuolaoreto.it/
caminitiautoscuola@gmail.com,Autoscuola Agenzia Caminiti,-,Autoscuola Agenzia Caminiti,Bagheria,Sicilia,http://www.autoscuolacaminiti.it/
autoscuolasicilia@tiscali.it,Autoscuola Sicilia,-,Autoscuola Sicilia,Menfi,Sicilia,https://www.autoscuolasiciliamenfi.it/
albertopuma@gmail.com,Autoscuola Ready Go di Alberto Puma - Casa Santa Erice (Trapani)),-,Autoscuola Ready Go di Alberto Puma - Casa Santa Erice (Trapani)),Casa Santa,Sicilia,https://www.readygoautoscuola.it/
autoscuola_carducci@hotmail.it,"Autoscuola ""G. Carducci"" Scuola Nautica",-,"Autoscuola ""G. Carducci"" Scuola Nautica",Mazara del Vallo,Sicilia,http://www.autoscuolacarducci.it/
info@autoscuolalivigni.it,Autoscuola Li Vigni,-,Autoscuola Li Vigni,Strasatti,Sicilia,http://www.autoscuolalivigni.it/
accettapasqualino@tiscali.it,Autoscuola Accetta,-,Autoscuola Accetta,Ragusa,Sicilia,http://www.autoscuolaccetta.com/
autoscuolamagionese@gmail.com,Autoscuola Magionese,-,Autoscuola Magionese,Magione,Umbria,https://autoscuola-magionese.vercel.app/
certificata@pec.autoscuolabattelli.it,AUTOSCUOLA BATTELLI,-,AUTOSCUOLA BATTELLI,Mercatino Conca,Marche,https://www.autoscuolabattelli.it/
autoscuoladiteodoro@gmail.com,Autoscuola Di Teodoro,-,Autoscuola Di Teodoro,Castelnuovo Vomano,Abruzzo,http://www.autoscuoladiteodoro.it/
cesenaguida@pec.it,Autoscuola S. Egidio - Cesena Guida S.r.l.,-,Autoscuola S. Egidio - Cesena Guida S.r.l.,Cesena,Emilia-Romagna,https://cesenaguida.it/sedi-scuola-guida-cesena/autoscuola-s-egidio.html
autoscuolaalberto@libero.it,Autoscuola Alberto - Agenzia Pratiche Automobilistiche,-,Autoscuola Alberto - Agenzia Pratiche Automobilistiche,Villaseta,Sicilia,https://www.autoscuolaalberto.it/
tommaso.cortelli@alice.it,Autoscuola Manzoni,-,Autoscuola Manzoni,Porto Empedocle,Sicily,https://www.autoscuolamanzoni.com/
autoscuolaortello@gmail.com,Autoscuola Ortello,-,Autoscuola Ortello,Altavilla Milicia,Sicilia,https://www.autoscuolaortello.it/
autoscuole.turone@gmail.com,Autoscuole Turone di Turone Carmelo e Ivan,-,Autoscuole Turone di Turone Carmelo e Ivan,Canicattì,Sicilia,https://www.autoscuolaturone.it/
info@guidaevai.com,Autoscuola Bruna,-,Autoscuola Bruna,Licata,Sicilia,https://guidaevai.com/
info@consorziocapa.it,Consorzio Autoscuole Della Prov. Di Agrigento,-,Consorzio Autoscuole Della Prov. Di Agrigento,Agrigento,Sicilia,https://www.consorziocapa.it/default.asp?paese=agrigento
autoscuolafg@gmail.com,Autoscuola Effegi,-,Autoscuola Effegi,Catania,Sicilia,http://autoscuolafg.it/
info@autoscuola2000vittoria.it,Autoscuola 2000 Di Tasca Salvatore,-,Autoscuola 2000 Di Tasca Salvatore,Vittoria,Sicilia,http://www.autoscuola2000vittoria.it/
totip@me.com,Autoscuola Petrantoni Di Petrantoni Gaetano & Figli Snc,-,Autoscuola Petrantoni Di Petrantoni Gaetano & Figli Snc,San Cataldo,Sicilia,http://www.autoscuolapetrantoni.it/
info@scuolaguidarusso.it,Autoscuola Russo,-,Autoscuola Russo,Acate,Sicilia,https://www.scuolaguidarusso.it/
info@autoscuolatumino.it,Autoscuola dei Flli Tumino,-,Autoscuola dei Flli Tumino,Ragusa,Sicilia,http://www.autoscuolatumino.it/
info@autoscuolamelinda.it,AUTOSCUOLA MELINDA,-,AUTOSCUOLA MELINDA,Ragusa,Sicilia,http://www.autoscuolamelinda.it/
scuolaguidarusso@libero.it,Autoscuola Licata,-,Autoscuola Licata,Ragusa,Sicilia,https://www.consorziocipp.it/autoscuole/index.php
gianniint83@hotmail.it,Autoscuola Interlici di Giovanni Interlici & C. s.a.s.,-,Autoscuola Interlici di Giovanni Interlici & C. s.a.s.,Vittoria,Sicilia,http://autoscuolainterlici.it/
autoscuolacannizzo@gmail.com,Autoscuola Cannizzo,-,Autoscuola Cannizzo,Santa Croce Camerina,Sicilia,https://autoscuolacannizzo.it/
info@autoscuolapiazzese.it,Piazzese Tommaso & C.Sas Autoscuola,-,Piazzese Tommaso & C.Sas Autoscuola,Modica,Sicilia,https://www.autoscuolepiazzese.it/
massimilianobaglieri@virgilio.it,Autoscuola Baglieri Massimiliano,-,Autoscuola Baglieri Massimiliano,Scicli,Sicilia,https://www.autoscuolabaglieri.it/
autoscuolaroadschool@gmail.com,Scuola Guida Archimede,-,Scuola Guida Archimede,Siracusa,Sicilia,http://www.roadschool.it/
consorzioaretusee@gmail.com,Consorzio Autoscuole Aretusee,-,Consorzio Autoscuole Aretusee,Siracusa,Sicilia,http://www.consorzioaretusee.it/
info@autoscuoledignoti.it,Autoscuole D'Ignoti,-,Autoscuole D'Ignoti,Motta Sant'Anastasia,Sicilia,http://www.autoscuoledignoti.it/
autoscuolads@gmail.com,Autoscuola Agenzia Piano Tavola,-,Autoscuola Agenzia Piano Tavola,Piano Tavola,Sicilia,http://www.agatsalvino.it/
sicilia_sv@libero.it,Autoscuola Sicilia,-,Autoscuola Sicilia,Catania,Sicilia,http://www.autoscuolasicilia.com/
ag.corsaro@tiscali.it,Autoscuola Corsaro,-,Autoscuola Corsaro,Sant'Agata li Battiati,Sicilia,http://www.autoscuolacorsaro.it/
info@drivescuolaguida.it,Drive Scuola Guida di S.Belfiore e C. Snc,-,Drive Scuola Guida di S.Belfiore e C. Snc,Catania,Sicilia,http://www.drivescuolaguida.it/
info@autoscuolapulia.it,Autoscuola Apulia,-,Autoscuola Apulia,Rutigliano,Puglia,http://www.autoscuolapulia.it/
info@autoscuoladiviaroma.it,AUTOSCUOLA DI VIA ROMA,-,AUTOSCUOLA DI VIA ROMA,Cavaria Con Premezzo,Lombardia,http://autoscuoladiviaroma.it/
autvigliano@virgilio.it,Autoscuola Vigliano,-,Autoscuola Vigliano,Vigliano Biellese,Piemonte,http://www.autoscuolavigliano.it/
info@autoscuolazzurra.com,Autoscuola Azzurra,-,Autoscuola Azzurra,Cagliari,Sardegna,http://www.autoscuolazzurra.com/
info@autoscuolamarcos.it,AUTOSCUOLA MARCOS,-,AUTOSCUOLA MARCOS,Cagliari,Sardegna,http://www.autoscuolamarcos.it/
info@monzadue.it,Autoscuola Monza Due,-,Autoscuola Monza Due,Monserrato,Sardegna,http://www.monzadue.it/
autoscuolamito@tiscali.it,Autoscuola Mi.To. di Castaniotto S. & Cogotzi M.,-,Autoscuola Mi.To. di Castaniotto S. & Cogotzi M.,Settimo San Pietro,Sardegna,https://www.facebook.com/autoscuola.mito/
alessia.rekord@gmail.com,Autoscuola Rekord di Alessia Masala s.a.s.,-,Autoscuola Rekord di Alessia Masala s.a.s.,Cagliari,Sardegna,https://www.autoscuolarekord.it/servizi/
pratiche.serena@gmail.com,SERENA Autoscuola & Pratiche Auto,-,SERENA Autoscuola & Pratiche Auto,Sanluri,Sardegna,https://serenapraticheauto.it/
servizigalileo@gmail.com,Autoscuola Galileo di Tuveri Pier Paolo,-,Autoscuola Galileo di Tuveri Pier Paolo,Guspini,Sardegna,https://www.centroservizigalileo.it/
autoscuolapani@libero.it,Autoscuola Pani,-,Autoscuola Pani,Quartu Sant'Elena,Sardegna,http://www.autoscuolapani.com/
info@autoscuolariano.it,Autoscuola Riano,-,Autoscuola Riano,Riano,Lazio,https://www.autoscuolariano.it/
info@accademiadiguida.it,Autoscuola Accademia di guida,-,Autoscuola Accademia di guida,Trieste,Friuli-Venezia Giulia,https://www.accademiadiguida.it/
info@scuolaguida.it,SCUOLA GUIDA,-,SCUOLA GUIDA,Roma,Lazio,https://www.scuolaguida.it/
autoscuola.cividalese@gmail.com,Autoscuola Cividalese,-,Autoscuola Cividalese,Cividale del Friuli,Friuli-Venezia Giulia,https://www.autoscuolacividalese.it/
info@autoscuolagraziano.it,Autoscuola Graziano,-,Autoscuola Graziano,Trapani,Sicilia,https://www.autoscuolagraziano.it/
info@autoscuoleinfurna.it,Autoscuole Infurna group srl,-,Autoscuole Infurna group srl,Cattolica Eraclea,Sicilia,https://www.autoscuoleinfurna.it/
agenzia.quadrifoglioferraro@gmail.com,Agenzia Quadrifoglio Ferraro,-,Agenzia Quadrifoglio Ferraro,Canicattì,Sicilia,https://www.agenziaferraro.it/
v.caramannello@virgilio.it,FRATELLI CARAMANELLO,-,FRATELLI CARAMANELLO,Canicattì,Sicilia,https://www.fratellicaramannello.com/
info@autoscuolavirzi.it,Autoscuola Virzì Giuseppe,-,Autoscuola Virzì Giuseppe,Enna,Sicilia,http://www.autoscuolavirzi.it/index.php?fbl=a7&eng=Area6&idm=7
autoscuola.sidoti@gmail.com,Autoscuole Agenzie SIDOTI & LA FERRARA,-,Autoscuole Agenzie SIDOTI & LA FERRARA,Leonforte,Sicilia,https://www.autoscuolesidotielaferrara.it/
info@autoscuolemontagna.it,Autoscuola Montagna - Schepis,-,Autoscuola Montagna - Schepis,Biancavilla,Sicilia,http://www.autoscuolemontagna.it/
info@autoscuolelarapida.it,Autoscuole La Rapida,-,Autoscuole La Rapida,Catania,Sicilia,https://autoscuolelarapida.it/
_info@autoscuolalvolante.it,Autoscuola Al Volante Mascalucia,-,Autoscuola Al Volante Mascalucia,Mascalucia,Sicilia,http://www.autoscuolalvolante.it/
lizziosrl@gmail.com,Autoscuole Lizzio Misterbianco,-,Autoscuole Lizzio Misterbianco,Misterbianco,Sicilia,https://autoscuolelizzio.it/
info@speedsocieta.it,Autoscuola speed,-,Autoscuola speed,Catania,Sicilia,https://www.autoscuolaspeed.it/
autoscuola.evolution@gmail.com,Evolution Autoscuola,-,Evolution Autoscuola,Acireale,Sicilia,https://autoscuolaevolution.it/
info@scuolaguidapiazza.it,Scuola Guida Piazza,-,Scuola Guida Piazza,Alcamo,Sicilia,https://www.scuolaguidapiazza.it/
mazzantonino@tiscali.it,Autoscuola Mazzola,-,Autoscuola Mazzola,Villagrazia di Carini,Sicilia,http://mazzolagroup.it/
agenziastartsnc@gmail.com,"Gruppo Start di Catalano, Autoscuola e Agenzia Disbrigo Pratiche Auto, Partinico (Palermo)",-,"Gruppo Start di Catalano, Autoscuola e Agenzia Disbrigo Pratiche Auto, Partinico (Palermo)",Partinico,Sicilia,https://www.gruppostart.it/
scuolaguidaritamineo@alice.it,Autoscuola Rita Mineo,-,Autoscuola Rita Mineo,Partinico,Sicilia,http://scuolaguidaritamineo.webnode.it/
emanuelesaitta780@gmail.com,Autoscuola Li Greci di Saitta Emanuele - Sede Corso Calatafimi,-,Autoscuola Li Greci di Saitta Emanuele - Sede Corso Calatafimi,Palermo,Sicilia,https://www.autoscuolaligreci.it/
info@autoscuolaottaviano.com,Agenzia Pi. Ot. & Autoscuola Ottaviano di O. Fatta,-,Agenzia Pi. Ot. & Autoscuola Ottaviano di O. Fatta,Cefalù,Sicilia,https://www.autoscuolaottaviano.com/
autoscuolaica0698@gmail.com,Autoscuola ICA,-,Autoscuola ICA,Cefalù,Sicilia,https://www.facebook.com/autoscuolaica
autoscuolacangemi@hotmail.it,Autoscuola Cangemi Armando,-,Autoscuola Cangemi Armando,Barcellona Pozzo di Gotto,Sicilia,https://www.autoscuolacangemi.it/
scuolabiondo@tiscali.it,Autoscuola Biondo | Agenzia Pratiche Auto | Barcellona PG,-,Autoscuola Biondo | Agenzia Pratiche Auto | Barcellona PG,Barcellona Pozzo di Gotto,Sicilia,https://autoscuolabiondo.it/
info@scuolaguidamoschella.it,Scuola Guida Moschella,-,Scuola Guida Moschella,Santa Teresa di Riva,Sicilia,http://www.scuolaguidamoschella.it/
autoscuolapuglisisalvatore@gmail.com,Scuola Guida F.lli Puglisi,-,Scuola Guida F.lli Puglisi,Santa Teresa di Riva,Sicilia,https://www.scuolaguidapuglisi.it/
bluefox.srl@gmail.com,Autoscuola Bluefox,-,Autoscuola Bluefox,Nizza di Sicilia,Sicilia,http://www.autoscuolabluefox.it/
info@alvolantepatti.com,"Autoscuola, Scuola Nautica, Agenzia Pratiche Auto ""Al Volante"" Di Musarra Marco",-,"Autoscuola, Scuola Nautica, Agenzia Pratiche Auto ""Al Volante"" Di Musarra Marco",Patti,Sicilia,http://www.alvolantepatti.com/
autoscuolalamilanese@gmail.com,La Milanese Autoscuola,-,La Milanese Autoscuola,Messina,Sicilia,https://www.autoscuolalamilanese.it/
autoscuola.antipa@virgilio.it,Autoscuola AN.TI.PA di Lombardo Patrizia,-,Autoscuola AN.TI.PA di Lombardo Patrizia,Terme,Sicilia,http://www.autoscuolantipa.it/
autoscuolasb@virgilio.it,Autoscuola SB,-,Autoscuola SB,Santa Margherita,Sicilia,https://www.sbautoscuola.com/
autoscuolafiumara@gmail.com,Autoscuola Fiumara di Massimo Fiumara,-,Autoscuola Fiumara di Massimo Fiumara,Messina,Sicilia,http://www.autoscuolafiumara.com/
info@autoscuolaurso.it,Urso Roberto driving school,-,Urso Roberto driving school,Messina,Sicilia,http://www.autoscuolaurso.it/index.php?fl=7&op=mcs&id_cont=159&eng=La%20nostra%20Storia&idm=197&moi=197
info@iatidrive.it,Autoscuola Iatì,-,Autoscuola Iatì,Villa San Giovanni,Calabria,https://www.iatidrive.it/
info@autoscuolapezzano.it,Autoscuola Pezzano S.A.S.,-,Autoscuola Pezzano S.A.S.,Ardore Marina,Calabria,http://www.autoscuolapezzano.it/
autoscuoladellostretto@gmail.com,Autoscuola dello Stretto,-,Autoscuola dello Stretto,Bagnara Calabra,Calabria,https://sites.google.com/view/autoscuoladellostretto/home
info@autoescuolafutura.it,Autoscuola Futura,-,Autoscuola Futura,Locri,Calabria,http://www.autoscuolafutura.it/
autoscuolapisano@libero.it,Autoscuola Pisano,-,Autoscuola Pisano,Gioia Tauro,Calabria,http://www.autoscuolepisano.it/
autoscuolainfantino@libero.it,Autoscuola Infantino Martino & C S.a.s,-,Autoscuola Infantino Martino & C S.a.s,Taurianova,Calabria,https://www.facebook.com/autoscuola.infantino
autoscuolamarcella@gmail.com,AUTOSCUOLA MARCELLA,-,AUTOSCUOLA MARCELLA,Rosarno,Calabria,https://autoscuolamarcella.jimdofree.com/
info@agenziapallacorda.it,Autoscuola Scuola Nautica Agenzia Pratiche Auto Bolli Auto,-,Autoscuola Scuola Nautica Agenzia Pratiche Auto Bolli Auto,Roma,Lazio,https://www.agenziapallacorda.it/
studiorlando@live.it,Autoscuola Orlando,-,Autoscuola Orlando,Carini,Sicilia,https://autoscuolaorlando.it/
info@autoscuolapomara4.it,Autoscuola Pomara 4,-,Autoscuola Pomara 4,Palermo,Sicilia,http://www.autoscuolapomara4.it/
agenziacarla@libero.it,Scuola Guida Carla,-,Scuola Guida Carla,Messina,Sicilia,https://scuolaguidacarla.it/
network_autoscuole@aci.it,AUTOSCUOLA ACI READY2GO,-,AUTOSCUOLA ACI READY2GO,Marina di Davoli,Calabria,https://ready2go.aci.it/
customer.tuttocalabria@gmail.com,autoscuola borrito,-,autoscuola borrito,Marcellinara,Calabria,http://www.tuttocalabria.com/
net-servicesrl@legalmail.it,Autoscuola La Nuova di Lobina Salvatore,-,Autoscuola La Nuova di Lobina Salvatore,Pula,Sardegna,http://www.lanuovaguida.it/autoscuole/pula/autoscuola_la_nuova_di_lobina_salvatore
vergnasco27@libero.it,Autoscuola Studio di Consulenza Automobilistica Vergnasco27,-,Autoscuola Studio di Consulenza Automobilistica Vergnasco27,Vergnasco,Piemonte,https://www.vergnasco27.it/
info@autoscuoleferrari.it,Autoscuola Ferrari,-,Autoscuola Ferrari,Olgiate Comasco,Lombardia,http://www.autoscuoleferrari.it/
info@autoscuolaluino.it,Autoscuola Luino,-,Autoscuola Luino,Luino,Lombardia,http://www.autoscuolaluino.it/
info@autoscuolavidigulfo.it,Autoscuola Vidigulfo,-,Autoscuola Vidigulfo,Vidigulfo,Lombardia,http://www.autoscuolavidigulfo.it/
varese@autoscuolequadrifoglio.it,Autoscuola Quadrifoglio Caronno V.no,-,Autoscuola Quadrifoglio Caronno V.no,Caronno Varesino,Lombardia,https://autoscuolequadrifoglio.it/
lucia.atzeni65@gmail.com,Agenzia Pratiche Auto Atzeni Lucia,-,Agenzia Pratiche Auto Atzeni Lucia,Selargius,Sardegna,https://www.agenziapraticheautoatzeni.it/
bruschetti@sermetra.it,Studio Bruschetti Di Cinzia Bruschetti & C. Sas,-,Studio Bruschetti Di Cinzia Bruschetti & C. Sas,Cagliari,Sardegna,https://www.studiobruschetti.it/
pulsar.mtb@gmail.com,Ligas Anna Maria,-,Ligas Anna Maria,Sarroch,Sardegna,https://www.pulsarmtb.it/garau-assicurazioni-sponsor-pulsar-2019/
umc-cagliari@pec.mit.gov.it,Motorizzazione Civile Cagliari,-,Motorizzazione Civile Cagliari,Cagliari,Sardegna,http://trasparenza.mit.gov.it/archivio13_strutture_-1_14144.html
info@autoscuolavalvibrata.it,Autoscuola Val Vibrata,-,Autoscuola Val Vibrata,Sant'Egidio alla Vibrata,Abruzzo,https://www.autoscuolavalvibrata.it/
autoscuolaedi@gmail.com,Autoscuola EDI,-,Autoscuola EDI,Monfalcone,Friuli-Venezia Giulia,http://autoscuolaedi.com/
info@autoscuolegentile.it,Autoscuola Gentile,-,Autoscuola Gentile,Cermone,Abruzzo,http://www.autoscuolegentile.it/
info@agostinis.com,Autoscuola Agostinis,-,Autoscuola Agostinis,Lignano Sabbiadoro,Friuli-Venezia Giulia,http://www.agostinis.com/
lautoscuoladimassimo@gmail.com,L'Autoscuola Di Massimo Di Carnevali Massimo,-,L'Autoscuola Di Massimo Di Carnevali Massimo,Feletto Umberto,Friuli-Venezia Giulia,http://www.lautoscuoladimassimo.it/
autoscuolasanpaolo@gmail.com,Autoscuola San Paolo,-,Autoscuola San Paolo,Alba,Piemonte,https://www.autoscuolasanpaolo.it/
rizzoroberto1963@libero.it,Autoscuola Valbormida,-,Autoscuola Valbormida,Cairo Montenotte,Liguria,https://www.autoscuolavalbormida.com/
info@autoscuolacaroli.com,Autoscuola Presicce-Corvaglia snc,-,Autoscuola Presicce-Corvaglia snc,Maglie,Puglia,http://www.autoscuolacaroli.com/
info@autoacuolafratelliattadia.it,Autoscuola Fratelli Attadia,-,Autoscuola Fratelli Attadia,Rossano Stazione,Calabria,http://www.autoscuolafratelliattadia.it/
info@autoscuolabrusnengo.it,Autoscuola Agenzia Auto Brusnengo,-,Autoscuola Agenzia Auto Brusnengo,Brusnengo,Piemonte,http://www.autoscuolabrusnengo.it/
info@lafeniciautoscuola.it,La Fenicia Srl,-,La Fenicia Srl,Oristano,Sardegna,https://lafeniciautoscuola.it/
autoredentore.oristano@gmail.com,Autoscuola Redentore,-,Autoscuola Redentore,Oristano,Sardegna,https://autoredentore-or.weebly.com/
autoscuolaboasso@gmail.com,AUTOSCUOLA A. BOASSO E FIGLI SNC,-,AUTOSCUOLA A. BOASSO E FIGLI SNC,Oristano,Sardegna,https://www.gruppoboasso.it/
info@autoscuolaboldini.it,Autoscuole e Scuola Nautica Boldini - Remigio - Delegazione ACI di Omegna,-,Autoscuole e Scuola Nautica Boldini - Remigio - Delegazione ACI di Omegna,Omegna,Piemonte,http://www.autoscuolaboldini.it/
info@autoscuolatito.it,Autoscuola TITO SNC,-,Autoscuola TITO SNC,Zornasco,Piemonte,http://www.autoscuolatito.it/
info@autoscuolanord.it,Autoscuola Nord,-,Autoscuola Nord,Assago,Lombardia,http://www.autoscuolanord.it/
info@autoscuola-romildo.it,Scuola Guida Romildo,-,Scuola Guida Romildo,Borgomanero,Piemonte,http://www.autoscuola-romildo.it/
info@autoscuola-garibaldi.it,Autoscuola Garibaldi Sas,-,Autoscuola Garibaldi Sas,San Fermo della Battaglia,Lombardia,http://www.autoscuola-garibaldi.it/
autoscuolaardito@gmail.com,Autoscuola Ardito Montà,-,Autoscuola Ardito Montà,Montà,Piemonte,http://www.autoscuoleardito.it/
scuolaguidasicura@gmail.com,Scuola Guida Sicura Sardegna,-,Scuola Guida Sicura Sardegna,Guasila,Sardegna,http://scuolaguidasicurasardegna.com/
robcongiu@tiscali.it,Autoscuola e Agenzia Pratiche Auto Sandalia - Jerzu,-,Autoscuola e Agenzia Pratiche Auto Sandalia - Jerzu,Jerzu,Sardegna,http://www.autoscuolaepraticheautosandalia.it/
autoscuolaeuromar@outlook.com,Autoscuola Euromar,-,Autoscuola Euromar,Tortolì,Sardegna,https://www.autoscuolaeuromar.com/
autoscuoladonato@gmail.com,Autoscuola Donato,-,Autoscuola Donato,Castrovillari,Calabria,http://www.autoscuoladonato.it/
autoscuolavictor@gmail.com,Autoscuola Victor,-,Autoscuola Victor,Stazione Montalto-coretto,Calabria,https://www.facebook.com/share/1KVSP7PFP4/
autoscuolapegasosas@libero.it,Autoscuola Pegaso,-,Autoscuola Pegaso,Moliterno,Basilicata,https://www.autoscuolapegaso.com/
info@autoscuolepintozzi.it,Autoscuola Pintozzi,-,Autoscuola Pintozzi,Lauria,Basilicata,http://www.autoscuolepintozzi.it/
info@autoscuolacurcio.it,Autoscuola Curcio Sas Di Luigi Nutino & c.,-,Autoscuola Curcio Sas Di Luigi Nutino & c.,Cosenza,Calabria,http://www.autoscuolacurcio.it/
autoscuolachinni@libero.it,Autoscuola Chinnì,-,Autoscuola Chinnì,Cosenza,Calabria,http://facebook.com/Autoscuolachinni
cfgcoriolanum@gmail.com,Autoscuola CFG Coriolanum SRL,-,Autoscuola CFG Coriolanum SRL,Corigliano Scalo,Calabria,https://www.facebook.com/cfgautoscuole
info@riminiguida.it,Autoscuola Arcangelo - Gruppo Rimini Guida,-,Autoscuola Arcangelo - Gruppo Rimini Guida,Santarcangelo di Romagna,Emilia-Romagna,http://www.riminiguida.it/
info@brasav.it,Autoscuola Am Driver,-,Autoscuola Am Driver,Alba,Piemonte,https://www.brasav.it/brasav-consorzio-autoscuole/autoscuola-am-driver/
info@autoscuolasanvito.com,Autoscuola San Vito,-,Autoscuola San Vito,Tricase,Puglia,https://www.autoscuolasanvito.com/
autoscuolafutura@libero.it,Autoscuola Futura Di Egildo Vaglio,-,Autoscuola Futura Di Egildo Vaglio,Alezio,Puglia,http://www.autoscuolafutura.com/
info@patentesubito.com,"Scuola Guida, Autoscuola ""Corsanese"" Margarito Francesco Patente Subito",-,"Scuola Guida, Autoscuola ""Corsanese"" Margarito Francesco Patente Subito",Corsano,Puglia,http://www.patentesubito.com/
leonardocudazzo@libero.it,AUTOSCUOLA CUDAZZO GALATINA - AGENZIA PRATICHE AUTO,-,AUTOSCUOLA CUDAZZO GALATINA - AGENZIA PRATICHE AUTO,Galatina,Puglia,http://scuolaguidagalatina.weebly.com/
autoscuola.oppo@tiscali.it,Autoscuola Oppo Sport'S,-,Autoscuola Oppo Sport'S,Ghilarza,Sardegna,https://www.autoscuolaoppo.it/
autoscuolasardegnasorgono@hotmail.it,AUTOSCUOLA SARDEGNA SORGONO,-,AUTOSCUOLA SARDEGNA SORGONO,Sorgono,Sardegna,http://www.autoscuolasardegnasorgono.it/
sandalia@sermetra.it,Autoscuola Sandalia srl di Michele Onida,-,Autoscuola Sandalia srl di Michele Onida,Nuoro,Sardegna,https://www.autoscuolasandalia.it/
autoscuoleredentore@gmail.com,Autoscuola Redentore,-,Autoscuola Redentore,Nuoro,Sardegna,https://m.facebook.com/autoscuola.redentore/
info@mondomotori.info,Mondo Motori di Carlo Brau sas,-,Mondo Motori di Carlo Brau sas,Lotzorai,Sardegna,http://www.mondomotori.info/
studio@grupposolinas.it,Gruppo Solinas,-,Gruppo Solinas,Siniscola,Sardegna,http://www.grupposolinas.it/
autoscuolacentrale@alice.it,Autoscuola Centrale,-,Autoscuola Centrale,Pisa,Toscana,http://autoscuolacentralepisa.it/
affi@autoscuolecita.it,Autoscuola Affi Cita Coop,-,Autoscuola Affi Cita Coop,Affi,Veneto,https://www.affi.autoscuolecita.it/
info@autoscuoladiportaromana.it,Autoscuola Porta Romana,-,Autoscuola Porta Romana,Milano,Lombardia,https://www.autoscuolaportaromana.it/
info@autoscuolagp.it,Autoscuola GP Montecatini Terme,-,Autoscuola GP Montecatini Terme,Montecatini Terme,Toscana,http://www.autoscuolagp.com/
mozzecane@autoscuolecita.it,Autoscuola C.I.T.A. Mozzecane,-,Autoscuola C.I.T.A. Mozzecane,Mozzecane,Veneto,https://www.autoscuolecita.it/mozzecane/
luigiparente281268@gmail.com,Autoscuola & Scuola Nautica Parente,-,Autoscuola & Scuola Nautica Parente,Torre Annunziata,Campania,https://autoscuola-parente.webnode.it/
info@autoscuoladamiani.it,Autoscuole Damiani - Scuola Nautica Damiani,-,Autoscuole Damiani - Scuola Nautica Damiani,Nocera Superiore,Campania,http://www.autoscuoladamiani.it/
dimaiosorrentosas@gmail.com,Autoscuola Di Maio Sorrento,-,Autoscuola Di Maio Sorrento,Sorrento,Campania,http://www.dimaiosorrento.it/
montuorisas@libero.it,Autoscuola Montuori di Lucino Elena,-,Autoscuola Montuori di Lucino Elena,Sapri,Campania,https://autoscuolamontuori.wordpress.com/
guidaevai.eurodrive@gmail.com,Autoscuola Guida e Vai - Eurodrive,-,Autoscuola Guida e Vai - Eurodrive,Nocera Inferiore,Campania,https://www.facebook.com/eurodriveautoscuola
info@autoscuolabisogno.it,Autoscuola Moderna Bisogno,-,Autoscuola Moderna Bisogno,Cava de' Tirreni,Campania,http://www.autoscuolabisogno.it/
_info@autoscuolefalabella.it,Autoscuola Lagonegrese Di Falabella Giuseppe S.a.s.,-,Autoscuola Lagonegrese Di Falabella Giuseppe S.a.s.,Lagonegro,Basilicata,http://www.autoscuolalagonegrese.it/
autoscuolaedonis@libero.it,Autoscuola Edonis Di Venditti Francesco,-,Autoscuola Edonis Di Venditti Francesco,Caselle In Pittari,Campania,https://autoscuolaedonis.wordpress.com/
_info@autoscuolalagonegrese.it,Autoscuola Falabella,-,Autoscuola Falabella,Montesano Scalo,Campania,http://www.autoscuolefalabella.it/
ermesautoscuola@email.it,AUTOSCUOLA ERMES,-,AUTOSCUOLA ERMES,Villapiana,Calabria,https://www.patenterinnovata.it/autoscuole/849-autoscuola-e-studio-di-consulenza-automobilistica-ermes-
azzurrasrl2018@gmail.com,Autoscuola Azzurra,-,Autoscuola Azzurra,Policoro,Basilicata,http://www.autoscuolaazzurra.com/
info@fsptamburi.it,Autoscuola FSP Tamburi,-,Autoscuola FSP Tamburi,Taranto,Puglia,https://fsptamburi.it/
autoscuolapersone@libero.it,Autoscuola Personè,-,Autoscuola Personè,Galatone,Puglia,https://www.autoscuolapersone.com/
e.tafuro79@gmail.com,Autoscuola Tafuro di Tafuro Edmondo,-,Autoscuola Tafuro di Tafuro Edmondo,Lecce,Puglia,https://www.autoscuolatafuro.com/
autoscuolafolgore@libero.it,Autoscuola Folgore Di Decataldo Paride Antonio,-,Autoscuola Folgore Di Decataldo Paride Antonio,Sava,Puglia,http://www.autoscuolafolgore.it/
info@olimpia2.it,Autoscuola Olimpia 2,-,Autoscuola Olimpia 2,Li Punti,Sardegna,http://www.olimpia2.it/
info@autoscuoleromangia.com,Autoscuole Romangia Snc,-,Autoscuole Romangia Snc,Sennori,Sardegna,https://autoscuoleromangia.com/
autoscuole.riunite@tiscali.it,Autoscuola Riunite Olbia - Solinas,-,Autoscuola Riunite Olbia - Solinas,Olbia,Sardegna,http://www.autoscuoleriuniteolbia.com/
info@centroservizimazzella.it,Autoscuola Mazzella,-,Autoscuola Mazzella,Siniscola,Sardegna,https://www.centroservizimazzella.it/
info@redentours.com,Transfers Coach Sardinia (Redentours),-,Transfers Coach Sardinia (Redentours),Nuoro,Sardegna,http://www.redentours.com/
info@autoscuolamereu.com,Autoscuola Mereu,-,Autoscuola Mereu,Arzachena,Sardegna,http://www.autoscuolamereu.com/
autoscuolagps@gmail.com,Autoscuola GPS,-,Autoscuola GPS,Grumo Nevano,Campania,https://www.facebook.com/autoscuolagps/
scuolaguidazampini@outlook.it,AUTOSCUOLA ZAMPINI,-,AUTOSCUOLA ZAMPINI,Giugliano in Campania,Campania,http://tachigrafica.online/
info@autoscuolasciccone.it,AUTOSCUOLA SCICCONE,-,AUTOSCUOLA SCICCONE,Quarto,Campania,http://autoscuolasciccone.it/
autoscuolavolla@gmail.com,Autoscuola Mille Miglia Volla,-,Autoscuola Mille Miglia Volla,Volla,Campania,https://autoscuolemillemiglia.it/
info@autoscuolacrispi.it,Autoscuola Crispi - Napoli,-,Autoscuola Crispi - Napoli,Napoli,Campania,https://www.autoscuolacrispi.it/scuola-di-motociclismo
autoscuolaloggetta@gmail.com,Autoscuola Loggetta di Frieri Massimo,-,Autoscuola Loggetta di Frieri Massimo,Napoli,Campania,http://autoscuolaloggetta.it/
autoscuolaflegrea@gmail.com,Autoscuola La Flegrea,-,Autoscuola La Flegrea,Napoli,Campania,http://www.autoscuolaflegrea.it/
cipas@arubapec.it,Autoscuola Golino 2 - Agenzia Cipas,-,Autoscuola Golino 2 - Agenzia Cipas,Succivo,Campania,https://www.autoscuolagolino.it/
info@autoscuolaborrelli.it,Autoscuola Antonio Borrelli,-,Autoscuola Antonio Borrelli,Torre del Greco,Campania,http://www.autoscuolaborrelli.it/
info@pitstopesami.it,Autoscuola Pit Stop,-,Autoscuola Pit Stop,San Giorgio a Cremano,Campania,http://www.pitstopesami.it/
autoscuolaserasmo53@gmail.com,Autoscuola Sant'Erasmo,-,Autoscuola Sant'Erasmo,Napoli,Campania,https://www.autoscuolaserasmo.it/
autoscuolapelusiello@gmail.com,Scuola Guida Pelusiello - Auto Moto Nautica Pelusiello - Autoscuola - Scuola Guida - Patente Nautica - Scuola Nautica,-,Scuola Guida Pelusiello - Auto Moto Nautica Pelusiello - Autoscuola - Scuola Guida - Patente Nautica - Scuola Nautica,Torre del Greco,Campania,http://www.autoscuolapelusiello.it/
info@autoscuolanicola.it,Autoscuola nicola,-,Autoscuola nicola,Torre Annunziata,Campania,http://www.autoscuolanicola.it/
autoscuola.angelomarino@gmail.com,Autoscuola Marino Angelo Salerno,-,Autoscuola Marino Angelo Salerno,Salerno,Campania,https://www.autoscuolamarinoangelo.it/
info@autoscuolavolino.it,Autoscuola Volino,-,Autoscuola Volino,Cava de' Tirreni,Campania,http://www.autoscuolavolino.it/
autoscuolafortunato@libero.it,Autoscuola Fortunato,-,Autoscuola Fortunato,Castellammare di Stabia,Campania,https://autoscuolafortunato.com/
carconsultingsrl@gmail.com,Autoscuola Prima Marcia,-,Autoscuola Prima Marcia,Castellammare di Stabia,Campania,http://www.schettinogroup.it/
autoscuolalaporta@libero.it,Autoscuola La Porta,-,Autoscuola La Porta,Pompei,Campania,https://autoscuolalaporta.it/
v.leonardo@sermetranet.it,Autoscuola Agenzia Pratiche Auto Leonardo,-,Autoscuola Agenzia Pratiche Auto Leonardo,San Gregorio Magno,Campania,http://www.praticheautoleonardo.it/
info@autoscuolainternazionale.com,autoscuola internazionale,-,autoscuola internazionale,Polla,Campania,http://autoscuolainternazionale.com/
autoscuole.liscio@gmail.com,AUTOSCUOLE LISCIO SNC VIA MAZZINI DI GIAMPIERO LISCIO,-,AUTOSCUOLE LISCIO SNC VIA MAZZINI DI GIAMPIERO LISCIO,Potenza,Basilicata,http://www.autoscuoleliscio.it/
tarantinoautoscuola@tiscali.it,Autoscuola Tarantino,-,Autoscuola Tarantino,Scalo di Baragiano,Basilicata,https://www.autoscuolatarantino.it/
info@autoscuolaurora.net,Autoscuola Aurora,-,Autoscuola Aurora,Potenza,Basilicata,http://www.autoscuolaurora.net/
cosimo@indiveri.it,Autoscuola Mobidrive Grottaglie,-,Autoscuola Mobidrive Grottaglie,Grottaglie,Puglia,http://www.consulenteautotrasporto.it/
autoscuola.europa@gmail.com,"Autoscuola Europa Di Rendina - Patenti: AM, A1, B, C1/C/CE, D1/D, BE-CE-DE, C.Q.C. e patente nautica",-,"Autoscuola Europa Di Rendina - Patenti: AM, A1, B, C1/C/CE, D1/D, BE-CE-DE, C.Q.C. e patente nautica",Ostuni,Puglia,http://www.autoscuolaeuropasnc.it/
autoscuolafrascella@gmail.com,Autoscuola Frascella,-,Autoscuola Frascella,Monteiasi,Puglia,https://autoscuolafrascella.com/
info@scuolaguidacolelli.it,Scuola Guida Colelli,-,Scuola Guida Colelli,Brindisi,Puglia,https://www.scuolaguidacolelli.it/
marylaveloce@virgilio.it,Autoscuola La Veloce,-,Autoscuola La Veloce,Lecce,Puglia,https://www.autoscuolalaveloce.it/
lamodernabrindisi@gmail.com,Autoscuola La Moderna,-,Autoscuola La Moderna,Brindisi,Puglia,http://www.autoscuolalamoderna.it/
autoscuolawarmup@hotmail.com,Autoscuola Warm-Up,-,Autoscuola Warm-Up,Lecce,Puglia,http://www.autoscuolawarmup.it/
autoscuolanauticasambati@gmail.com,🏅 Scuola Nautica del Salento di A. Sambati - Autoscuola & Servizi,-,🏅 Scuola Nautica del Salento di A. Sambati - Autoscuola & Servizi,Cavallino,Puglia,https://www.autoscuolanauticasambati.com/
autoscuolatafurotrepuzzi@pec.it,Scuola Guida Tafuro,-,Scuola Guida Tafuro,Trepuzzi,Puglia,https://www.autoscuolatafuro.it/
info@autoscuolavalceresio.it,Autoscuola Valceresio,-,Autoscuola Valceresio,Bisuschio,Lombardia,http://autoscuolavalceresio.it/
autoscuolapiacenza@gmail.com,Autoscuola Piacenza,-,Autoscuola Piacenza,Piacenza,Emilia-Romagna,http://www.autoscuolapiacenza.com/
info@autoscuolabarona.com,Autoscuola Barona,-,Autoscuola Barona,Milano,Lombardia,http://www.autoscuolabarona.com/
autoscuola.athena31@gmail.com,Autoscuola Athena,-,Autoscuola Athena,Cardano Al Campo,Lombardia,https://www.autoscuolaathena.it/
auto.ripamonti@tiscali.it,Autoscuola Ripamonti,-,Autoscuola Ripamonti,Milano,Lombardia,http://www.autoscuolaripamonti.it/
g.faedda@sermetra.it,Studio Faedda Pratiche Auto,-,Studio Faedda Pratiche Auto,Porto Torres,Sardegna,https://www.studiofaedda.it/
p.giarola@virgilio.it,Autoscuola Della Farnesiana,-,Autoscuola Della Farnesiana,Piacenza,Emilia-Romagna,https://autodantefarnesianagiardinopc.jimdofree.com/
info@essegiautoscuole.it,Autoscuole Essegi - San Giorgio,-,Autoscuole Essegi - San Giorgio,Montichiari,Lombardia,https://essegiautoscuole.it/
lautoscuola@gmail.com,L'Autoscuola Leali Paolo E C.,-,L'Autoscuola Leali Paolo E C.,Goito,Lombardia,http://www.lautoscuola.eu/
info@autoscuolagiampaolo.it,Autoscuola Giampaolo,-,Autoscuola Giampaolo,Formia,Lazio,https://www.autoscuolagiampaolo.it/
olimpia2021@autoscuolaolimpia.com,Autoscuola Olimpia,-,Autoscuola Olimpia,Sabaudia,Lazio,https://www.autoscuolaolimpia.com/
autoscuolamercuri@gmail.com,Autoscuola & Scuola Nautica Mercuri - Anzio,-,Autoscuola & Scuola Nautica Mercuri - Anzio,Anzio,Lazio,http://www.autoscuolaenauticamercuri.it/
info@autoscuoleclazzer.it,Autoscuole Clazzer,-,Autoscuole Clazzer,Anzio,Lazio,http://www.autoscuoleclazzer.it/
apollo11srl@pec.it,Apollo11 Group - Autoscuola Latina 1,-,Apollo11 Group - Autoscuola Latina 1,Latina,Lazio,http://apollo11group.it/
autoscuolaginesio@gmail.com,Autoscuola Ginesio Latina Scalo,-,Autoscuola Ginesio Latina Scalo,Latina Scalo,Lazio,http://www.autoscuolaginesio.it/
autoscuolacolamatteo1@gmail.com,Autoscuola Colamatteo,-,Autoscuola Colamatteo,Mondragone,Campania,https://www.facebook.com/AutoscuolaColamatteo1/
n.folgore@gmail.com,Autoscuola La Nuova Folgore di Gaetano e Mario Livornese,-,Autoscuola La Nuova Folgore di Gaetano e Mario Livornese,Minturno,Lazio,https://autoscuolanuovafolgore.it/
autoscuolauniversitaria@virgilio.it,Autoscuola L'Universitaria Di Turco Giuseppe,-,Autoscuola L'Universitaria Di Turco Giuseppe,Gricignano di Aversa,Campania,http://www.autoscuolauniversitaria.it/
info@autoscuoladivadue.it,AUTOSCUOLA DIVA DUE,-,AUTOSCUOLA DIVA DUE,Giugliano in Campania,Campania,http://www.autoscuoladivadue.it/
autoscuolailcambio@gmail.com,Autoscuola Il Cambio,-,Autoscuola Il Cambio,Napoli,Campania,https://www.facebook.com/people/Autoscuola-Il-Cambio/100095587591720/?rdid=XefR9Z2jsDUz5cGV
autoscuolacante@gmail.com,Autoscuola Cante,-,Autoscuola Cante,Giugliano in Campania,Campania,https://www.facebook.com/AutoScuolaCante/
autoscuoladunia@gmail.com,Autoscuola Dunia,-,Autoscuola Dunia,Tavernanova,Campania,https://autoscuoladunia.it/
frattese@gmail.it,Autoscuola Frattese - Chianese Group s.a.s,-,Autoscuola Frattese - Chianese Group s.a.s,Casoria,Campania,https://www.facebook.com/Autoscuola-Frattese-Casoria-1022304207846256/
autoscuolaprisma@gmail.com,Autoscuola Prisma,-,Autoscuola Prisma,Napoli,Campania,http://autoscuolaprisma.it/
agnaserena@gmail.com,Autoscuola Napoli - Serena,-,Autoscuola Napoli - Serena,Napoli,Campania,https://www.autoscuolanapoli.it/
sabatinonigro@hotmail.it,Autoscuola Atripalda,-,Autoscuola Atripalda,Atripalda,Campania,https://www.autoscuola-atripalda.it/
palumboa2581@sermetra.it,Autoscuola Nuova Palumbo Antonio,-,Autoscuola Nuova Palumbo Antonio,Grottaminarda,Campania,https://autoscuolapalumbo.webnode.it/
ermelindopastena@gmail.com,Autoscuola Pastena S.A.S.,-,Autoscuola Pastena S.A.S.,Avellino,Campania,http://www.autoscuola-pastena.webnode.it/
scuolaguidaeurogamma@gmail.com,Autoscuola & Agenzia Pratiche Eurogamma SRL,-,Autoscuola & Agenzia Pratiche Eurogamma SRL,Benevento,Campania,http://www.autoscuolaeurogamma.it/
info@autoscuolamariani.com,Autoscuola Mariani,-,Autoscuola Mariani,Marigliano,Campania,http://www.autoscuolamariani.com/
autoscuolepetruccelli.linda@gmail.com,Autoscuole Petruccelli di Linda Petruccelli - Nocerina,-,Autoscuole Petruccelli di Linda Petruccelli - Nocerina,Nocera Inferiore,Campania,https://autoscuolepetruccelli-linda.it/
info@dellelba.com,Dell'Elba & C. Sas Di Dell'Elba Remo AUTOSCUOLA - STUDIO CONSULENZA AUTO - CENTRO ALLESTIMENTI VEICOLI COMMERCIALI - AIXAM,-,Dell'Elba & C. Sas Di Dell'Elba Remo AUTOSCUOLA - STUDIO CONSULENZA AUTO - CENTRO ALLESTIMENTI VEICOLI COMMERCIALI - AIXAM,Benevento,Campania,http://www.dellelba.com/
info@autoscuolalaguardia.it,Autoscuola La Guardia,-,Autoscuola La Guardia,Sarno,Campania,http://www.autoscuolalaguardia.it/
assistenza@clion.it,Autoscuola Satellite,-,Autoscuola Satellite,Mirabella Eclano,Campania,http://www.cipasnc.com/
giovannicentola@live.it,Autoscuola S.Nicola(scuola nautica),-,Autoscuola S.Nicola(scuola nautica),Trani,Puglia,http://www.autoscuolatranisannicola.it/
autoscuolamilloni@gmail.com,Autoscuola Milloni Palese,-,Autoscuola Milloni Palese,Bari,Puglia,http://www.autoscuolamilloni.it/
ba044@delegazioni.aci.it,AUTOSCUOLA CRAMAROSSA AGENZIA PRATICHE AUTOMOBILISTICHE,-,AUTOSCUOLA CRAMAROSSA AGENZIA PRATICHE AUTOMOBILISTICHE,Sannicandro di Bari,Puglia,http://www.autoscuolacramarossa.it/
stopandgoscoppio@gmail.com,Autoscuola Scoppio - Servizi per patenti - Conseguimenti Rinnovi Estensioni,-,Autoscuola Scoppio - Servizi per patenti - Conseguimenti Rinnovi Estensioni,Giovinazzo,Puglia,http://www.autoscuolascoppio.com/
info@autoscuolapugliese.it,Autoscuola Pugliese di Palmieri Angela,-,Autoscuola Pugliese di Palmieri Angela,Bitonto,Puglia,http://www.autoscuolapugliese.it/
scuolaguidauniverso@libero.it,Scuola Guida Universo di Chiarito Daniela,-,Scuola Guida Universo di Chiarito Daniela,Bari,Puglia,https://www.autoscuolachiarito.it/
info@autoscuolaguidare.it,Autoscuola Guidare,-,Autoscuola Guidare,Acquaviva delle Fonti,Puglia,https://autoscuolaguidare.it/
autoscuoladaddato@gmail.com,Autoscuola Daddato,-,Autoscuola Daddato,Putignano,Puglia,https://autoscuoladaddato.wixsite.com/autoscuoladaddato
autoscuolamodernaba@libero.it,Autoscuola Moderna Bari,-,Autoscuola Moderna Bari,Bari,Puglia,http://www.autoscuolamodernabari.it/
info@autoscuolasprint.com,Autoscuola Sprint,-,Autoscuola Sprint,Polignano a Mare,Puglia,http://www.autoscuolasprint.com/
boggiacosimo@tiscali.it,Soccorso Stradale H24 Boggia Cosimo,-,Soccorso Stradale H24 Boggia Cosimo,Fasano,Puglia,https://boggia18.wixsite.com/soccorsostradale
autoscuola@autoscuolaitaliasnc.it,Autoscuola Italia Snc,-,Autoscuola Italia Snc,Giussano,Lombardia,http://www.autoscuolaitaliasnc.it/
autoscuolalomellina@libero.it,Autoscuola Lomellina,-,Autoscuola Lomellina,Mede,Lombardia,https://autoscuolalomellina.weebly.com/#
studiozetass@gmail.com,Agenzia Pratiche Auto Studio Zeta,-,Agenzia Pratiche Auto Studio Zeta,Sassari,Sardegna,https://www.praticheautostudioz.it/
info@consulautoss.it,Consulauto di Dore Dr.ssa Giovanna Sas,-,Consulauto di Dore Dr.ssa Giovanna Sas,Sassari,Sardegna,http://www.praticheautoconsulauto.it/
info@shardanautica.it,ShardaNautica,-,ShardaNautica,Sassari,Sardegna,https://www.shardanautica.it/
continistudio@gmail.com,Agenzia Contini,-,Agenzia Contini,La Maddalena,Sardegna,https://www.studiocontini.it/?utm_source=gmb&utm_medium=organic&utm_content=scheda
da.amarisse@tiscali.it,Autoscuola Mirafiore,-,Autoscuola Mirafiore,Ladispoli,Lazio,https://www.autoscuolamirafiore.it/
vedano@autoscuoleinformazione.it,Autoscuola Carate,-,Autoscuola Carate,Carate Brianza,Lombardia,http://www.autoscuoleinformazione.it/
segreteria@autoscuolaelba.it,Autoscuola Elba,-,Autoscuola Elba,Portoferraio,Toscana,http://www.autoscuolaelba.it/
olmettiservicesnc@gmail.com,Autoscuola Milena,-,Autoscuola Milena,"Tor San Lorenzo, Ardea",Lazio,https://www.consorzioautoscuoleitaliane.it/autoscuole/
agenziaspigoni@gmail.com,"Autoscuola Spigoni Dott.ssa Ivana, delegazione ACI - Torvaianica",-,"Autoscuola Spigoni Dott.ssa Ivana, delegazione ACI - Torvaianica",Torvaianica,Lazio,http://autoscuolaspigoni.it/
autoscuolelucagiordani@email.it,Autoscuole Luca Giordani Ardea,-,Autoscuole Luca Giordani Ardea,Ardea,Lazio,http://www.autoscuolagiordani.it/
info@pratikaraprilia.it,Autoscuola e Agenzia PratiKar,-,Autoscuola e Agenzia PratiKar,Aprilia,Lazio,http://www.pratikaraprilia.it/
autoscuolacenci@gmail.com,Autoscuola Cenci Cecchina,-,Autoscuola Cenci Cecchina,Cecchina,Lazio,https://www.autoscuolacenci.it/
autoscuolasprint2@gmail.com,Sprint 1.0 Srls Autoscuola,-,Sprint 1.0 Srls Autoscuola,Genzano di Roma,Lazio,https://www.sprintautoscuola.it/
info@agenziafiumicino.it,Autoscuola Sirio Fiumicino,-,Autoscuola Sirio Fiumicino,Fiumicino,Lazio,http://www.autoscuolafiumicino.it/
lequattrofrecce@libero.it,Autoscuola Infernetto,-,Autoscuola Infernetto,Roma,Lazio,https://www.autoscuolalequattrofrecce.it/
info@autoscuolabaldazzi.it,Autoscuola Baldazzi,-,Autoscuola Baldazzi,Genzano di Roma,Lazio,https://autoscuolabaldazzi.it/
info@autoscuoleobbligato.it,Autoscuola Obbligato,-,Autoscuola Obbligato,Fiumicino,Lazio,http://www.autoscuoleobbligato.it/
autoscuolava@gmail.com,Autoscuola Villaggio Azzurro,-,Autoscuola Villaggio Azzurro,Roma,Lazio,https://www.autoscuolavillaggioazzurro.com/
info@autoscuolamezzocammino.it,Autoscuola Mezzocammino & Nautica,-,Autoscuola Mezzocammino & Nautica,Roma,Lazio,https://www.autoscuolamezzocammino.it/
autoscuola.morena@libero.it,Autoscuola Morena,-,Autoscuola Morena,Roma,Lazio,https://www.autoscuolamorena.it/
autoscuolaisonzo@libero.it,AUTOSCUOLA AGENZIA ISONZO,-,AUTOSCUOLA AGENZIA ISONZO,Latina,Lazio,http://www.autoscuolaagenziaisonzo.it/
carlomarroccoassicurazioni@gmail.com,Matruglio Autoscuola,-,Matruglio Autoscuola,Fondi,Lazio,https://sites.google.com/view/matruglio
autoscuolagiorgio@outlook.it,AUTOSCUOLA GIORGIO,-,AUTOSCUOLA GIORGIO,Veroli,Lazio,http://www.autoscuolagiorgio.com/
frosinone@lamaximasrl.com,La Maxima Frosinone,-,La Maxima Frosinone,Frosinone,Lazio,https://lamaximasrl.com/
carminemasciandaro@gmail.com,Autoscuola Masciandaro Di Masciandaro Carmine,-,Autoscuola Masciandaro Di Masciandaro Carmine,Santa Maria Capua Vetere,Campania,https://www.autoscuolamasciandaro.it/
arcangelodinuzzo@libero.com,Autoscuola Di Nuzzo,-,Autoscuola Di Nuzzo,Maddaloni,Campania,https://www.autoscuoledinuzzo.it/
info@autoscuolaeuropace.it,Autoscuola Europa,-,Autoscuola Europa,Santa Maria A Vico,Campania,https://www.autoscuolaeuropace.it/
autoscuolacavour@legalmail.it,Autoscuola Cavour,-,Autoscuola Cavour,Campobasso,Molise,https://www.autoscuolacavourcb.it/
autoscuolapetrillo@gmail.com,Autoscuola Petrillo,-,Autoscuola Petrillo,Benevento,Campania,http://www.autoscuolapetrillo.it/
autoscuolaascolesecerreto@gmail.com,Autoscuola Ascolese Cerreto,-,Autoscuola Ascolese Cerreto,Cerreto Sannita,Campania,https://www.facebook.com/people/Autoscuola-Ascolese-Cerreto/61587444656089/
info@autoscuolenelweb.it,Ge. GA Montesarchio di Orlando Gaetano,-,Ge. GA Montesarchio di Orlando Gaetano,Montesarchio,Campania,https://www.autoscuolenelweb.it/montesarchio/ge-ga-montesarchio
auroralucera@gmail.com,Autoscuola AURORA,-,Autoscuola AURORA,Lucera,Puglia,http://www.autoscuolaurora.it/
lucianetti@autoscuolalucianettimanuel.it,Autoscuola Lucianetti,-,Autoscuola Lucianetti,Lucera,Puglia,https://www.autoscuolelucianettimanuel.it/
agenziaconfar@gruppoconsolettisrl.it,Autoscuola 4 Ruote,-,Autoscuola 4 Ruote,Celenza Valfortore,Puglia,http://www.gruppoconsolettisrl.it/
info@autoscuoladellagarganica.it,Autoscuola Della Garganica Snc,-,Autoscuola Della Garganica Snc,Torremaggiore,Puglia,http://www.autoscuoladellagarganica.it/chisiamo.php
info@autoscuolapitstopbarletta.it,Autoscuola Pit Stop,-,Autoscuola Pit Stop,Barletta,Puglia,https://www.autoscuolapitstopbarletta.it/
autoscuolamarotta3@gmail.com,Autoscuola Marotta 3,-,Autoscuola Marotta 3,Trinitapoli,Puglia,https://www.autoscuolamarotta3.it/
info@autoscuolarenzulli.it,Autoscuola Renzulli - Agenzia Pratiche Auto,-,Autoscuola Renzulli - Agenzia Pratiche Auto,Monte Sant'Angelo,Puglia,http://www.autoscuolarenzulli.it/
kautoscuolavittoria2025@gmail.com,Autoscuola Vittoria,-,Autoscuola Vittoria,Bari,Puglia,https://www.autoscuolavittoriasrlbari.com/
villaguardia@auto-scuole.com,Autoscuola Porto,-,Autoscuola Porto,Porto Ceresio,Lombardia,http://www.auto-scuole.com/
autoscuolagiorgetti@gmail.com,Autoscuola Giorgetti,-,Autoscuola Giorgetti,Vetralla,Lazio,http://www.autoscuolagiorgetti.com/
agenziafaro1@gmail.com,Autoscuola Faro,-,Autoscuola Faro,Civitavecchia,Lazio,https://www.faroautoscuola.it/
auriciatuoscuola@gmail.com,Autoscuola Au.Ri.Ci,-,Autoscuola Au.Ri.Ci,Civitavecchia,Lazio,http://www.autoscuoleaurici.it/
autoscuolabarletta@tiscali.it,Autoscuola BARLETTA,-,Autoscuola BARLETTA,Roma,Lazio,https://autoscuolabarlettaroma.it/
folgore.autoscuola@gmail.com,Autoscuola Folgore Roma,-,Autoscuola Folgore Roma,Roma,Lazio,http://www.folgoreautoscuolaroma.it/
etruria77@motorizzazione.com,Autoscuola e Agenzia Etruria 77,-,Autoscuola e Agenzia Etruria 77,Cerveteri,Lazio,http://www.motorizzazione.com/
ladispoli@autoscuoladueg.it,Autoscuola DueG Cerveteri,-,Autoscuola DueG Cerveteri,Cerveteri,Lazio,https://www.autoscuoladueg.it/orari-e-contatti/
info@agenziailario.it,Autoscuola Roma e Delegazione ACI - Agenzia Ilario,-,Autoscuola Roma e Delegazione ACI - Agenzia Ilario,Roma,Lazio,http://www.agenziailario.it/
sciarrone.giuseppe@gmail.com,Autoscuola La Pisana Agenzia Pratiche Automobilistiche,-,Autoscuola La Pisana Agenzia Pratiche Automobilistiche,Roma,Lazio,https://www.autoscuolalapisana.it/
info@autoscuolagiuliocesare.it,Autoscuola Giulio Cesare - Pratiche Auto - Montesacro,-,Autoscuola Giulio Cesare - Pratiche Auto - Montesacro,Roma,Lazio,https://autoscuolagiuliocesare.it/
autoscuolanemorense@libero.it,Autoscuola Nemorense Patenti • Pratiche Auto • Nautica,-,Autoscuola Nemorense Patenti • Pratiche Auto • Nautica,Roma,Lazio,https://www.autoscuolanemorense.it/
autoscuolaaxa2@gmail.com,Autoscuola Axa di Alessandro Prudenzi,-,Autoscuola Axa di Alessandro Prudenzi,Roma,Lazio,http://www.autoscuolaaxa.it/
autoscuolamanziana@gmail.com,Autoscuola Bracciano 2,-,Autoscuola Bracciano 2,Bracciano,Lazio,https://www.centroserviziautofelicini.it/
autoscuolafenicesrl@gmail.com,Autoscuola A. Meoni Srl,-,Autoscuola A. Meoni Srl,Roma,Lazio,https://autoscuolafenice.it/
jolly.autoscuolasrl@pec.it,Autoscuola Jolly 3 Srl,-,Autoscuola Jolly 3 Srl,Roma,Lazio,http://www.autoscuolajolly3.it/
info@consulauto95.it,Autoscuola Schiavo Consulauto 95 S.R.L.,-,Autoscuola Schiavo Consulauto 95 S.R.L.,Roma,Lazio,https://www.autoscuolaschiavo.it/
info@autoscuolafortebraschi.it,Autoscuola Forte Braschi,-,Autoscuola Forte Braschi,Roma,Lazio,https://www.autoscuolafortebraschi.it/
happyalba@legalmail.it,Autoscuola Happy Alba,-,Autoscuola Happy Alba,Roma,Lazio,http://www.happyalba.it/
luca.aleotti73@gmail.com,Autoscuola Aleotti Luca,-,Autoscuola Aleotti Luca,Roma,Lazio,http://www.autoscuolaaleotti.it/
ao@autoscuoladajetutta.it,Autoscuola Daje Tutta,-,Autoscuola Daje Tutta,Roma,Lazio,http://www.autoscuoladajetutta.it/
segreterianewton@gmail.com,Autoscuola Aci Newton Eur,-,Autoscuola Aci Newton Eur,Roma,Lazio,https://www.scuolaguida-roma.it/
info@autoscuole-hiron.it,AUTOSCUOLA HIRON,-,AUTOSCUOLA HIRON,Ponte Galeria-la Pisana,Lazio,https://www.autoscuole-hiron.it/
autoscuolabertini@libero.it,Autoscuola Bertini,-,Autoscuola Bertini,Roma,Lazio,https://autoscuolabertini.it/
autoscuolasettebello@gmail.com,Autoscuola Settebello,-,Autoscuola Settebello,Roma,Lazio,http://www.autoscuolasettebello.it/
autoscuolagiuliasnc@legalmail.it,Autoscuola Giulia Roma,-,Autoscuola Giulia Roma,Roma,Lazio,http://www.autoscuolagiuliaroma.it/
autoscuolacannonezag@libero.it,Autoscuola Cannone Zagarolo,-,Autoscuola Cannone Zagarolo,Zagarolo,Lazio,https://sites.google.com/view/autoscuolacannonezagarolo/home-page
gruppoconti@pec.it,Gruppo Conti - Sede Palestrina,-,Gruppo Conti - Sede Palestrina,Palestrina,Lazio,https://www.gruppoconti.it/orari-e-contatti-sede-di-palestrina/
autoscuola.masciarelli1@gmail.com,Autoscuola Masciarelli Roma,-,Autoscuola Masciarelli Roma,Roma,Lazio,https://autoscuolamasciarelli.com/
autoscuolasilvana@pecposta.it,Autoscuola Silvana - Monterotondo,-,Autoscuola Silvana - Monterotondo,Monterotondo,Lazio,http://www.autoscuolasilvana.it/
autoscuolafaleria@hotmail.it,Autoscuola Faleria,-,Autoscuola Faleria,Roma,Lazio,https://autoscuolafaleria.it/
info@a-troiani.it,Autoscuola Troiani,-,Autoscuola Troiani,Avezzano,Abruzzo,http://www.a-troiani.it/
info@autoscuolamarsicana.it,Autoscuola Marsicana,-,Autoscuola Marsicana,Avezzano,Abruzzo,https://autoscuolamarsicana.it/
rm448@delegazioni.aci.it,Delegazione ACI Subiaco - Autoscuola Scattone S.A.S. Di Scattone David & C.,-,Delegazione ACI Subiaco - Autoscuola Scattone S.A.S. Di Scattone David & C.,Subiaco,Lazio,https://aci.gov.it/poi/autoscuola-scattone-s-a-s-di-scattone-david-c-corso-cesare-battisti-122-124-subiaco/
autoscuola2@gmail.com,Autoscuola Forlano,-,Autoscuola Forlano,Guardiagrele,Abruzzo,https://sites.google.com/site/autoscuolaforlano/
info@autoscuoletrentino.it,Trentino S.R.L.,-,Trentino S.R.L.,San Salvo,Abruzzo,http://www.autoscuoletrentino.it/
autoscuolavaleriosnc@gmail.com,Autoscuola Valerio,-,Autoscuola Valerio,Lanciano,Abruzzo,https://www.autoscuolavaleriosnc.it/
info@mgautoscuola.it,MG Autoscuola di Michele Glave,-,MG Autoscuola di Michele Glave,Termoli,Molise,http://www.mgautoscuola.it/
info@autoscuolalafavorita.it,Autoscuola La Favorita,-,Autoscuola La Favorita,Termoli,Molise,http://www.autoscuolalafavorita.it/
so024@delegazioni.aci.it,Delegazione ACI Autoscuola Spluga Buglio in Monte,-,Delegazione ACI Autoscuola Spluga Buglio in Monte,Villapinta,Lombardia,https://aci.gov.it/poi/spluga-s-r-l-via-valeriana-6-b-buglio-in-monte-so/
pinilorenz@sermetra.it,Autoscuola Pini,-,Autoscuola Pini,Morbegno,Lombardia,https://www.autoscuolapini.it/
pegli@autoscuolapegli.it,Autoscuola Pegli Genova,-,Autoscuola Pegli Genova,Genova,Liguria,https://www.autoscuolapegli.it/
info@autoscuolaolimpia.it,Autoscuola Olimpia,-,Autoscuola Olimpia,Albenga,Liguria,http://www.autoscuolaolimpia.it/
info@autoscuolafaro.it,Autoscuola Faro,-,Autoscuola Faro,Pisa,Toscana,http://www.autoscuolafaro.it/
info@autoscuolatigullio.it,Autoscuola Tigullio,-,Autoscuola Tigullio,Chiavari,Liguria,http://www.autoscuolatigullio.it/
autoscuolazena@gmail.com,Autoscuola Zena,-,Autoscuola Zena,Genova,Liguria,http://www.autoscuolegruppozena.com/
info@autoscuolacamerlatese.com,Autoscuola Roma,-,Autoscuola Roma,Como,Lombardia,http://autoscuolacamerlatese.com/
info@autoscuolafratellicalvi.it,Autoscuola Fratelli Calvi S.a.s.,-,Autoscuola Fratelli Calvi S.a.s.,Cologno Al Serio,Lombardia,https://www.autoscuolafratellicalvi.it/
info@autoscuolarifredi.com,Autoscuola Rifredi,-,Autoscuola Rifredi,Firenze,Toscana,http://www.autoscuolarifredi.com/
info@autoscuolatoscana.it,Autoscuola Toscana,-,Autoscuola Toscana,Ponsacco,Toscana,http://www.autoscuolatoscana.it/
info@autoscuolaviolafirenze.it,Autoscuola Viola | Scandicci - Via Ugo Foscolo,-,Autoscuola Viola | Scandicci - Via Ugo Foscolo,Scandicci,Toscana,https://www.autoscuolaviolafirenze.it/
info@autoscuolamonviso.it,Autoscuola Monviso,-,Autoscuola Monviso,Ceva,Piemonte,https://www.autoscuolamonviso.it/
autoscuolatoscana@libero.it,Autoscuola Toscana Snc,-,Autoscuola Toscana Snc,Fauglia,Toscana,http://www.autoscuolatoscanasnc.it/
info@autoscuolamarradi.com,Autoscuola Marradi,-,Autoscuola Marradi,Livorno,Toscana,https://autoscuolamarradi.com/
info@labalzana.com,Autoscuola La Balzana,-,Autoscuola La Balzana,Siena,Toscana,https://www.labalzana.com/
autoscuola.mirco@libero.it,Autoscuola Mirco(S.N.C.),-,Autoscuola Mirco(S.N.C.),Spicchio-Sovigliana,Toscana,https://www.facebook.com/profile.php?id=100078463223846&name=xhp_nt__fblite__profile__tab_bar&profile_tab_item_selected=about
info@autoscuolaspezzina.it,Autoscuola Spezzina,-,Autoscuola Spezzina,La Spezia,Liguria,http://www.autoscuolaspezzina.it/
info@arzilliscali.it,Autoscuola Arzilli Duilio - ACI - Ponte a Egola,-,Autoscuola Arzilli Duilio - ACI - Ponte a Egola,Ponte a Egola,Toscana,https://www.arzilliscali.it/
info@autoscuolaitaliasp.it,Autoscuola Italia di Master Servizi s.a.s.,-,Autoscuola Italia di Master Servizi s.a.s.,La Spezia,Liguria,http://www.autoscuolaitaliasp.it/
autoscuola.sergio@tiscali.it,Autoscuola Sergio,-,Autoscuola Sergio,Pisa,Toscana,http://www.autoscuolasergio.it/
autoscuola.valdiserchio@virgilio.it,Autoscuola Valdiserchio,-,Autoscuola Valdiserchio,Vecchiano,Toscana,https://www.autoscuolavaldiserchiopisa.it/
info@autoscuola-europa.it,Autoscuola Europa,-,Autoscuola Europa,Follonica,Toscana,http://www.autoscuola-europa.it/contatti.php
libera.fabrizio@gmail.com,Autoscuola Libera - sede di Borgosatollo,-,Autoscuola Libera - sede di Borgosatollo,Borgosatollo,Lombardia,https://www.facebook.com/autoscuolaliberadifabriziorubessi/
autoscuolaspecial665@gmail.com,Autoscuola Special,-,Autoscuola Special,Grosseto,Toscana,https://www.autoscuolaspecial.com/
autoscuolaelsa@pec.it,Autoscuola Elsa Grosseto,-,Autoscuola Elsa Grosseto,Grosseto,Toscana,https://autoscuolaelsa.it/
info@autoscuolaacli.it,Autoscuola Acli Trento e Mezzocorona,-,Autoscuola Acli Trento e Mezzocorona,Mezzocorona,Trentino-Alto Adige,http://www.autoscuolaacli.it/
info@autoscuolapunto.it,Autoscuola Punto Di Angelo March - Predazzo,-,Autoscuola Punto Di Angelo March - Predazzo,Predazzo,Trentino-Alto Adige,http://www.autoscuolapunto.it/
brixen@2gosrl.com,2GO Autoscuola,-,2GO Autoscuola,Ortisei,Trentino-Alto Adige,http://www.2gosrl.com/
filler@godaddy.com,Autoscuola New Drive,-,Autoscuola New Drive,Borgo Valsugana,Trentino-Alto Adige,https://autoscuolanewdrive.ai/
info@autoscuola-roma.com,Autoscuola Roma,-,Autoscuola Roma,Bolzano,Trentino-Alto Adige,https://www.autoscuola-roma.it/
ufficio@formulaguidasicura.it,Formula Guida Sicura,-,Formula Guida Sicura,Castel del Piano,Toscana,https://www.formulaguidasicura.it/
autober@pec.it,Autoscuola Berardi 2.0 di LUTRI CHIARA,-,Autoscuola Berardi 2.0 di LUTRI CHIARA,Civita Castellana,Lazio,https://www.autoscuolaberardi.it/
autoscuolanepesina@libero.it,Autoscuola Nepesina di Musetti Vincenza,-,Autoscuola Nepesina di Musetti Vincenza,Nepi,Lazio,http://www.autoscuolanepesina.wordpress.com
autoscuola.patrizia@pec.it,Verdini Autoscuole,-,Verdini Autoscuole,Rignano Flaminio,Lazio,https://verdiniautoscuole.com/
info@autoscuolebaiani.eu,Autoscuole Baiani Snc,-,Autoscuole Baiani Snc,Montopoli di Sabina,Lazio,http://www.autoscuolebaiani.eu/
info@autoscuolagalileo.it,Autoscuola Galileo,-,Autoscuola Galileo,Narni,Umbria,https://www.autoscuolagalileo.it/
miliasrl@libero.it,Autoscuola e Agenzia Milia dal 1958,-,Autoscuola e Agenzia Milia dal 1958,Roma,Lazio,http://www.autoscuolemilia1958.it/
patenti@tiscali.it,Autoscuola Novatecnica | Zona Borgo Rivo,-,Autoscuola Novatecnica | Zona Borgo Rivo,Terni,Umbria,http://www.autoscuolanovatecnica.it/
_sancristoforoautoscuola@gmail.com,Autoscuola San Cristoforo Rieti,-,Autoscuola San Cristoforo Rieti,Rieti,Lazio,https://www.autoscuolasancristofororieti.it/
autoscuolareatina@gmail.com,Autoscuola Reatina,-,Autoscuola Reatina,Rieti,Lazio,https://www.autoscuolareatina.com/
info@autoscuolecoletti.it,Autoscuole Coletti,-,Autoscuole Coletti,Mentana,Lazio,http://www.autoscuolecoletti.it/
info@autoscuolastartego.it,Autoscuola START & GO Villanova,-,Autoscuola START & GO Villanova,Villanova,Lazio,http://www.autoscuolastartego.it/
auto4ruote@alice.it,Aci Pratiche Auto Autoscuola 4 Ruote Srl,-,Aci Pratiche Auto Autoscuola 4 Ruote Srl,Spoleto,Umbria,https://www.autoscuola4ruote.it/
info@motorizzazioneguidonia.it,Autoscuola Costanzi Collefiorito - ACI Guidonia,-,Autoscuola Costanzi Collefiorito - ACI Guidonia,Guidonia Montecelio,Lazio,https://www.aciguidonia.it/
direzione@laquila.aci.it,Automobile Club L'Aquila,-,Automobile Club L'Aquila,Nucleo Industriale Pile,Abruzzo,http://www.laquila.aci.it/
thinknowsrl@legalmail.it,Autoscuola Scattone S.A.S. Carsoli,-,Autoscuola Scattone S.A.S. Carsoli,Carsoli,Abruzzo,http://autoscuolenelweb.it/
info@autoscuolatiziano.it,Autoscuola Tiziano,-,Autoscuola Tiziano,Manoppello Scalo,Abruzzo,http://www.autoscuolatiziano.it/
autoscuolagransasso@tiscali.it,Autoscuola GRAN SASSO Sambuceto (San Giovanni Teatino),-,Autoscuola GRAN SASSO Sambuceto (San Giovanni Teatino),Sambuceto,Abruzzo,https://www.autoscuolagransasso.com/
info@quadrifogliopescara.it,Autoscuola Agenzia Quadrifoglio,-,Autoscuola Agenzia Quadrifoglio,Pescara,Abruzzo,http://www.quadrifogliopescara.it/
autoscuoladalesio@gmail.com,AUTOSCUOLA D'ARCANGELO,-,AUTOSCUOLA D'ARCANGELO,Pescara,Abruzzo,https://www.autoscuoladalesio.com/
info@pescaranuova.it,Autoscuola Pescara Nuova,-,Autoscuola Pescara Nuova,Pescara,Abruzzo,http://www.autoscuolapescaranuova.it/
autoscuoleriunitepescaresi@gmail.com,Autoscuole Riunite Pescaresi,-,Autoscuole Riunite Pescaresi,Pescara,Abruzzo,http://www.autoscuoleriunite.it/index.php?option=com_content&task=view&id=34&Itemid=39
info@autoscuolasud.com,Autoscuola Agenzia Sud,-,Autoscuola Agenzia Sud,San Donato Milanese,Lombardia,http://www.autoscuolasud.com/
autoscuolacondove@gmail.com,Autoscuola Condove Di Giorgio Giuseppe,-,Autoscuola Condove Di Giorgio Giuseppe,Condove,Piemonte,http://www.autoscuolacondove.it/
auto.solarolo@gmail.com,Autoscuola Solarolo,-,Autoscuola Solarolo,Tortona,Piemonte,https://www.autoscuolasolarolo.it/
autoscuolacentrale@gmail.com,Autoscuola Centrale,-,Autoscuola Centrale,Vallecrosia,Liguria,https://www.autoscuolavallecrosia.it/
info@accademiaguida.com,Accademia Di Guida,-,Accademia Di Guida,Bordighera,Liguria,https://www.accademiaguida.com/
planetfossano@gmail.com,AUTOSCUOLA PLANET,-,AUTOSCUOLA PLANET,Fossano,Piemonte,https://autoscuolaplanet.it/autoscuola-torino/autoscuola-a-fossano-cuneo/
info.autoscuolacuneese@gmail.com,Autoscuola Cuneese,-,Autoscuola Cuneese,Cuneo,Piemonte,https://www.autoscuolacuneese.it/
info@autoscuolarapetto.it,Autoscuola Rapetto,-,Autoscuola Rapetto,Acqui Terme,Piemonte,http://www.autoscuolarapetto.it/
info@autoscuolauniversale.it,Autoscuola Universale,-,Autoscuola Universale,Genova,Liguria,http://www.autoscuolauniversale.it/
info@autoscuolasubalpinamondovi.it,Scuola guida subalpina,-,Scuola guida subalpina,Mondovì,Piemonte,http://www.autoscuolasubalpinamondovi.it/
autoscuola.braida@gmail.com,Autoscuola Braida,-,Autoscuola Braida,Bra,Piemonte,https://www.autoscuolebraidabongiovanni.org/
autoscuolagiacometti@gmail.com,Autoscuola Giacometti,-,Autoscuola Giacometti,Genova,Liguria,https://www.autoscuolagiacomettigenova.com/
segreteria@autoscuolamediterranea.com,Autoscuola Mediterranea,-,Autoscuola Mediterranea,Genova,Liguria,http://www.autoscuolamediterranea.com/
autoscuola3arossiglione@gmail.com,Autoscuola 3A,-,Autoscuola 3A,Ovada,Piemonte,https://www.autoscuola3a.it/
aut.med2000@libero.it,Autoscuola Mediterranea 2000,-,Autoscuola Mediterranea 2000,Imperia,Liguria,http://www.mediterranea2000autoscuola.it/
autoscuolarapida@gmail.com,Autoscuola Rapida,-,Autoscuola Rapida,Livorno,Toscana,https://www.autoscuolarapida.it/
centraleautoscuola@gmail.com,Autoscuola Centrale Castenedolo,-,Autoscuola Centrale Castenedolo,Castenedolo,Lombardia,https://www.autoscuolacentrale.it/autoscuola-castenedolo-pratiche-auto/
info@autoscuolelivorno.it,Autoscuola Le Colline Livorno,-,Autoscuola Le Colline Livorno,Livorno,Toscana,https://autoscuolelivorno.it/
michelerognini@gmail.com,Autoscuola Arno,-,Autoscuola Arno,Riglione-Oratoio,Toscana,http://www.autoscuolepisa.it/
autoscuolastart@gmail.com,Autoscuola Start,-,Autoscuola Start,Siena,Toscana,https://www.autoscuolastartsiena.it/
velox@inpec.it,Autoscuola Velox,-,Autoscuola Velox,Siena,Toscana,https://autoscuolavelox.com/
info@autoscuolasprint.net,Autoscuola Sprint,-,Autoscuola Sprint,Poggibonsi,Toscana,http://www.autoscuolasprint.net/
galupposrl@gmail.com,Autoscuola Galuppo Srl,-,Autoscuola Galuppo Srl,Sinalunga,Toscana,https://www.galuppo.biz/
autoscuolelarossa@gmail.com,Autoscuola La Rossa Tavernelle,-,Autoscuola La Rossa Tavernelle,Tavernelle,Umbria,http://www.autoscuolelarossa.com/
autoscuolamarscianese@gmail.com,Autoscuola Marscianese,-,Autoscuola Marscianese,Marsciano,Umbria,https://www.autoscuolamarscianese.it/
autoscuolaelce@gmail.com,Autoscuola Elce,-,Autoscuola Elce,Perugia,Umbria,https://www.autoscuolaelce.com/
autoscuolagrifopg@gmail.com,Autoscuola Grifo,-,Autoscuola Grifo,Perugia,Umbria,https://www.autoscuolagrifo.net/?utm_source=google&utm_medium=google+my+business
autoscuolasportpg@yahoo.it,Autoscuola Sport,-,Autoscuola Sport,Perugia,Umbria,https://www.autoscuolasportperugia.com/
antonini@sermetra.it,Autoscuola A.Falini,-,Autoscuola A.Falini,Todi,Umbria,https://www.autoscuolafalini.it/
pg073@delegazioni.aci.it,Autoscuola Agenzia Tuderte Srl-Delegazione Aci Todi Centro,-,Autoscuola Agenzia Tuderte Srl-Delegazione Aci Todi Centro,Todi,Umbria,https://www.praticheautoperugia.com/chi-siamo/
autoscuolapiccardi@gmail.com,Autoscuola Piccardi,-,Autoscuola Piccardi,Bastia Umbra,Umbria,https://www.autoscuolapiccardi.it/
orsini@semetra.it,Autoscuola Montefalco Di Orsini Giovanni,-,Autoscuola Montefalco Di Orsini Giovanni,Montefalco,Umbria,https://autoscuolamontefalco.it/
info@autoscuolaflaminiafoligno.it,Autoscuola Flaminia Di Bellesi Roberto,-,Autoscuola Flaminia Di Bellesi Roberto,Foligno,Umbria,http://www.autoscuolaflaminiafoligno.it/content/contatti/
autobuono@libero.it,Autoscuola Buono di Buono Claudio & C. Sas,-,Autoscuola Buono di Buono Claudio & C. Sas,Foligno,Umbria,http://www.autoscuolebuono.it/
alessiosprint@yahoo.com,Autoscuola Sprint,-,Autoscuola Sprint,Perugia,Umbria,https://www.autoscuolesprint.it/
info@scuolaguidacar.it,Scuola Guida Car Fermo Onori - Autoscuola - Recupero Punti - CQC ADR - Pratiche Auto - Assicurazioni - Bollo,-,Scuola Guida Car Fermo Onori - Autoscuola - Recupero Punti - CQC ADR - Pratiche Auto - Assicurazioni - Bollo,Fermo,Marche,https://www.scuolaguidacar.it/
info@aspiroautoscuola.it,Autoscuola Aspiro - FERMO - Corsi CQC - Rinnovo Patente - Scuola Guida,-,Autoscuola Aspiro - FERMO - Corsi CQC - Rinnovo Patente - Scuola Guida,Fermo,Marche,https://www.aspiroautoscuola.it/
dieugenio@sermetra.it,Autoscuola Studio Raf Di Eugenio E Bachetti Snc Di Raffaele Di Eugenio & C.,-,Autoscuola Studio Raf Di Eugenio E Bachetti Snc Di Raffaele Di Eugenio & C.,Ascoli Piceno,Marche,http://www.autoscuolastudioraf.it/
autoscuolailsorpasso@gmail.com,Autoscuola Il Sorpasso,-,Autoscuola Il Sorpasso,Piattoni-Villa Sant'Antonio,Marche,http://www.patentecasteldilama.com/
autoscuolameschini@pec.it,Autoscuole Meschini - Sede Camerino,-,Autoscuole Meschini - Sede Camerino,Camerino,Marche,https://www.autoscuolemeschini.it/
marchesnc@katamail.com,Autoscuola Marche,-,Autoscuola Marche,Corridonia,Marche,https://autoscuolamarche.it/
info@autoscuolasettempeda.it,Autoscuola Ed Agenzia Settempeda S.n.c.,-,Autoscuola Ed Agenzia Settempeda S.n.c.,San Severino Marche,Marche,http://autoscuolasettempeda.it/
autoscuolabonifaziec@gmail.com,Autoscuola Bonifazi & C. Snc,-,Autoscuola Bonifazi & C. Snc,Monte Urano,Marche,http://www.autoscuolabonifazi.com/
info@autoscuolacappelletti.it,Autoscuola Cappelletti,-,Autoscuola Cappelletti,Alba Adriatica,Abruzzo,http://www.autoscuolacappelletti.it/
info@truckone.org,Truck's Academy,-,Truck's Academy,San Benedetto del Tronto,Marche,https://www.goodtrucklasosta.it/servizi/autoscuola-trucks-academy/
cart.scarl@libero.it,C.A.R.T. - Consorzio Autoscuole Teramo,-,C.A.R.T. - Consorzio Autoscuole Teramo,Mosciano Sant'Angelo,Abruzzo,http://www.cart-te.it/
info@drivethru.it,Autoscuola - Drive Thru,-,Autoscuola - Drive Thru,San Benedetto del Tronto,Marche,https://www.drivethru.it/
revisioni@autoscuolamarinozzi.it,REVISIONI Autoscuola Marinozzi,-,REVISIONI Autoscuola Marinozzi,Porto Sant'Elpidio,Marche,http://www.autoscuolamarinozzi.it/centro-revisioni-autotest/
autoscuola.dho@gmail.com,Autoscuola Dho,-,Autoscuola Dho,Caraglio,Piemonte,http://www.autoscuoladho.eu/
info@driverclub.it,Autoscuola Cammalleri,-,Autoscuola Cammalleri,Alessandria,Piemonte,https://driverclub.it/
autoscuolablu@gmail.com,Autoscuola Blu S.n.c.,-,Autoscuola Blu S.n.c.,Cuneo,Piemonte,http://www.autoscuolablu.it/
info@autoscuolaalfieri.it,"Autoscuola Alfieri di Ligas Giorgia patenti/rinnovi A-B-C-D-E, ADR, CQC, Corso recupero punti",-,"Autoscuola Alfieri di Ligas Giorgia patenti/rinnovi A-B-C-D-E, ADR, CQC, Corso recupero punti",Imperia,Liguria,https://www.autoscuolaalfieri.it/
segreteria@giannoniscuolaguida.com,Autoscuola Giannoni,-,Autoscuola Giannoni,Cuneo,Piemonte,https://www.autoscuolagiannoni.com/
info@autoscuolargentera.it,Autoscuola Argentera,-,Autoscuola Argentera,Cuneo,Piemonte,http://www.autoscuolargentera.it/
info@2000sport.it,Autoscuola 2000 Sport,-,Autoscuola 2000 Sport,Torino,Piemonte,https://www.autoscuola2000sport.com/
assistenza@magellano.it,Autoscuola Varesina,-,Autoscuola Varesina,Milano,Lombardia,https://www.autoscuolavaresina.it/
autoscuolamoncenisio@libero.it,Autoscuola Moncenisio,-,Autoscuola Moncenisio,Susa,Piemonte,https://www.asco-torino.it/autoscuola/autoscuola-moncenisio/
autoscuolaburnout@live.it,Autoscuola Burn Out Di Cazzuola Paolo,-,Autoscuola Burn Out Di Cazzuola Paolo,Livorno,Toscana,https://www.autoscuolaburnout.it/
autoscuolagalileo@ptavant.it,Autoscuola Galileo,-,Autoscuola Galileo,Pisa,Toscana,https://patenterinnovata.it/autoscuole/1748-autoscuola-galileo
info@autoscuolamaggi.it,Autoscuola Maggi R.,-,Autoscuola Maggi R.,Forte dei Marmi,Toscana,http://www.autoscuolamaggi.it/
info@carpratiche.it,Car Pratiche - Autoscuola Medicea,-,Car Pratiche - Autoscuola Medicea,Calcinaia,Toscana,https://www.carpratiche.it/
info@autoscuolaiacopini.it,Autoscuola Iacopini,-,Autoscuola Iacopini,Viareggio,Toscana,http://www.autoscuolaiacopini.it/
info@autoscuolaeasydrive.it,autoscuola easy drive,-,autoscuola easy drive,Pontedera,Toscana,https://www.autoscuolaeasydrive.it/
autoscuolasantini@gmail.com,Autoscuola Santini Fucecchio,-,Autoscuola Santini Fucecchio,Fucecchio,Toscana,http://www.autoscuolasantini.it/
webmaster@autoscuolabartalesi.it,AUTOSCUOLA BARTALESI,-,AUTOSCUOLA BARTALESI,Colle di Val d'Elsa,Toscana,http://www.autoscuolabartalesi.it/
agenziapapini@gmail.com,Autoscuola Papini - Agenzia di Pratiche Automobilistiche.,-,Autoscuola Papini - Agenzia di Pratiche Automobilistiche.,Montevarchi,Toscana,https://www.autoscuolapapini.it/
info@autoscuolavaldarno.com,Autoscuola Valdarno Srl,-,Autoscuola Valdarno Srl,Montevarchi,Toscana,https://www.autoscuolavaldarno.com/
autoscuolaluca@gmail.com,Autoscuola Luca,-,Autoscuola Luca,Figline e Incisa Valdarno,Toscana,http://www.autoscuolaluca.it/
consolatir@sermetra.it,Agenzia Autoscuola Centro Servizi Valdarnese,-,Agenzia Autoscuola Centro Servizi Valdarnese,Figline Valdarno,Toscana,http://www.cscentroservizi.com/agenzia/
info@autoscuolareggello.it,AutoScuola Reggello,-,AutoScuola Reggello,Reggello,Toscana,http://www.autoscuolareggello.it/
info@acifigline.it,Autoscuola ACI Figline Valdarno,-,Autoscuola ACI Figline Valdarno,Figline Valdarno,Toscana,http://www.acifigline.it/
info@autoscuolamondial.com,Autoscuola Mondial,-,Autoscuola Mondial,Arezzo,Toscana,http://www.autoscuolamondial.com/
info@sprint70.it,Autoscuola Sprint 2,-,Autoscuola Sprint 2,Pieve al Toppo,Toscana,https://www.sprint70.it/
info@autoscuolachiti.it,Autoscuola CHITI ROMANO,-,Autoscuola CHITI ROMANO,Firenze,Toscana,http://www.autoscuolachiti.it/
alex341@inwind.it,Alessandro Tinti,-,Alessandro Tinti,Tavarnelle Val di Pesa,Toscana,http://www.scuolaguidatinti.com/
autoscuolaeuropafirenze@gmail.com,Autoscuola Europa di Cesare Tomaiuolo,-,Autoscuola Europa di Cesare Tomaiuolo,Firenze,Toscana,https://www.autoscuolaeuropafirenze.it/
info@cooaf.it,L' Autoscuola I GO massimo galluzzo,-,L' Autoscuola I GO massimo galluzzo,Firenze,Toscana,http://www.cooaf.it/
casma.scandicci@libero.it,Autoscuola Casma Scandicci,-,Autoscuola Casma Scandicci,Scandicci,Toscana,https://autoscuolascandicci.it/
info@affricoautoscuola.it,AUTOSCUOLA AFFRICO,-,AUTOSCUOLA AFFRICO,Firenze,Toscana,http://www.affricoautoscuola.it/
pietrelliemanuele@gmail.com,Autoscuola Giotto di PIETRELLI E. & C.,-,Autoscuola Giotto di PIETRELLI E. & C.,Arezzo,Toscana,https://autoscuolagiotto.weebly.com/
eurodriverfarinelli@libero.it,Autoscuola Euro Driver,-,Autoscuola Euro Driver,Arezzo,Toscana,http://www.autoscuolaeurodriver.com/
info@autoscuolastart.net,Autoscuola Start,-,Autoscuola Start,Arezzo,Toscana,https://www.startautoscuola.it/
info@autonoleggiochianucci.com,Autoscuole Chianucci,-,Autoscuole Chianucci,Capolona,Toscana,http://www.autonoleggiochianucci.eu/
ideapatente@libero.it,Autoscuola Idea Patente,-,Autoscuola Idea Patente,Gualdo Tadino,Umbria,http://ideapatente.it/
autoscuolabaldelli@gmail.com,Autoscuola Baldelli,-,Autoscuola Baldelli,Palazzo Mancinelli-vaccara,Umbria,https://www.autoscuolabaldelli.com/
info@lenciautoscuola.it,Autoscuola & Studio Consulenza Automobilistica LENCI,-,Autoscuola & Studio Consulenza Automobilistica LENCI,Fabriano,Marche,http://www.lenciautoscuola.it/
info@www.lucariccitellidrivingacademy.com,Luca Riccitelli Driving Academy,-,Luca Riccitelli Driving Academy,Marischio,Marche,http://lucariccitellidrivingacademy.com/
info@autoscuolacarelli.it,Autoscuola Carelli Stefano,-,Autoscuola Carelli Stefano,Sassoferrato,Marche,http://www.autoscuolacarelli.it/
info@autoscuolecorinaldesi.it,Autoscuole Corinaldesi - Scuola guida e pratiche auto,-,Autoscuole Corinaldesi - Scuola guida e pratiche auto,Jesi,Marche,http://www.autoscuolecorinaldesi.it/
easydriver.srl@libero.it,Autoscuola Easy Driver Srl,-,Autoscuola Easy Driver Srl,Jesi,Marche,http://www.autoscuolajesi.it/
corinaldesisrl@gmail.com,Autoscuola Corinaldesi,-,Autoscuola Corinaldesi,Ostra,Marche,http://www.autoscuolecorinaldesi.it/contatti/
autoscuolacatalani@libero.it,Autoscuola Catalani Di Catalani G.,-,Autoscuola Catalani Di Catalani G.,Loreto,Marche,http://www.autoscuolacatalani.it/
falconaracentro@autoscuolepetinari.it,Autoscuole Petinari Nello & Figli SNC,-,Autoscuole Petinari Nello & Figli SNC,Falconara Marittima,Marche,https://www.autoscuolepetinari.it/
autoscuolaoliver@libero.it,AUTOSCUOLA OLIVER DI GRASSO MARINA,-,AUTOSCUOLA OLIVER DI GRASSO MARINA,Ancona,Marche,http://www.autoscuolaoliver.it/
carloniautoscuole@gmail.com,AUTOSCUOLA CARLONI,-,AUTOSCUOLA CARLONI,Ancona,Marche,http://www.autoscuolacarloni.it/
info@autoscuolacantianidelcentro.it,Autoscuola Cantiani Del Centro,-,Autoscuola Cantiani Del Centro,Ancona,Marche,http://www.autoscuolacantianidelcentro.it/
autoscuolasebastopoli@yahoo.com,Autoscuola Sebastopoli,-,Autoscuola Sebastopoli,Torino,Piemonte,https://www.autoscuolasebastopoli.it/
autoscuolabt@tiscali.it,Autoscuola Botto & Tonelli,-,Autoscuola Botto & Tonelli,Mondovì,Piemonte,http://www.autoscbottoet.it/
autoscuola.millenium@gmail.com,Autoscuola e Agenzia Pratiche Auto 2000 Moncalieri,-,Autoscuola e Agenzia Pratiche Auto 2000 Moncalieri,Moncalieri,Piemonte,https://www.autoscuolemillenium.it/
segreteria@autoscuolabasile.it,Autoscuola Basile,-,Autoscuola Basile,Torino,Piemonte,https://autoscuolabasile.it/
consorzioautoscuoleriunitevda@gmail.com,Autoscuola Major,-,Autoscuola Major,Aosta,Valle d'Aosta,https://www.autoscuolamajor.it/
autoscuolarino@libero.it,Autoscuola Rino,-,Autoscuola Rino,Torino,Piemonte,http://www.autoscuolarino.com/
info@a-stupinigi.it,Autoscuola Stupinigi,-,Autoscuola Stupinigi,Torino,Piemonte,https://www.a-stupinigi.com/
info@autoscuolecasetta.it,Autoscuola Casetta,-,Autoscuola Casetta,Torino,Piemonte,http://www.autoscuolecasetta.it/
autoscuola.sanmatteo@gmail.com,Autoscuola San Matteo - Moncalieri,-,Autoscuola San Matteo - Moncalieri,Moncalieri,Piemonte,http://www.autoscuolasanmatteo.it/
autoscuola95.info@gmail.com,AUTOSCUOLA BORGARETTO sas,-,AUTOSCUOLA BORGARETTO sas,Borgaretto,Piemonte,https://www.consorzioconta.it/autoscuole-fuori-torino/
sovalchi@libero.it,Autoscuola Agenzia Solferino Perosa,-,Autoscuola Agenzia Solferino Perosa,Perosa Argentina,Piemonte,http://www.solferinoperosa.it/
info@autoscuolaeuropa.eu,Autoscuola Europa Snc,-,Autoscuola Europa Snc,Peveragno,Piemonte,https://www.autoscuolaeuropa.eu/
info@csgcuneo.eu,Consorzio Autoscuole,-,Consorzio Autoscuole,Cuneo,Piemonte,http://www.csgcuneo.eu/
mymail@mailservice.com,Autoscuola Mondial,-,Autoscuola Mondial,Savona,Liguria,https://www.autoscuolamondialsavona.it/
autoscuolaparodi@gmail.com,Autoscuola - Scuola Nautica Parodi,-,Autoscuola - Scuola Nautica Parodi,Genova,Liguria,http://www.autoscuolaparodi.it/
federica.moscatelli@yahoo.it,Autoscuola Federica,-,Autoscuola Federica,La Spezia,Liguria,https://www.autoscuolafederica.it/
contact@teknoautoscuola.it,TEKNO AUTOSCUOLA,-,TEKNO AUTOSCUOLA,La Spezia,Liguria,http://www.teknoautoscuola.it/
info@autoscuolabigiolli.it,Autoscuola Bigiolli,-,Autoscuola Bigiolli,La Spezia,Liguria,https://autoscuolabigiolli.it/
autoscuolascucchi@gmail.com,Autoscuola Scucchi,-,Autoscuola Scucchi,Sarzana,Liguria,http://www.autoscuolascucchi.it/
info@autoscuolafutura.ge.it,Autoscuola Studio di consulenza FUTURA,-,Autoscuola Studio di consulenza FUTURA,Chiavari,Liguria,http://www.autoscuolafutura.ge.it/
scuolaguidafranco@gmail.com,Autoscuola Franco,-,Autoscuola Franco,Genova,Liguria,http://www.autoscuolafrancogenova.it/
info@autoscuolasartini.it,Autoscuola Sartini,-,Autoscuola Sartini,Genova,Liguria,http://www.autoscuolasartini.com/
info@autoscuolailcampanone.com,Autoscuola Il Campanone di Pizzanelli Massimo,-,Autoscuola Il Campanone di Pizzanelli Massimo,Pontremoli,Toscana,http://autoscuolailcampanone.com/
info@stagnari.it,Stagnari,-,Stagnari,Carrara,Toscana,http://www.stagnari.it/
ceparana@autoskuola.net,Autoskuola 4.0,-,Autoskuola 4.0,Ceparana,Liguria,http://autoskuola.net/
info@autoscuolavitaluciano.com,Autoscuola Vita Srl,-,Autoscuola Vita Srl,Massa,Toscana,http://www.autoscuolavitaluciano.com/
centro@autoscuolegherardini.it,Autoscuole Gherardini Centro Istruzione Autoscuole - CIAG,-,Autoscuole Gherardini Centro Istruzione Autoscuole - CIAG,Campi Bisenzio,Toscana,https://www.autoscuolegherardini.it/site/le-nostre-sedi/
autoscuolamg@hotmail.it,Autoscuola M.G. di Antonio Maddaloni,-,Autoscuola M.G. di Antonio Maddaloni,Firenze,Toscana,https://autoscuolamg.it/
info@autoscuolalebadie.it,Scuola guida Prato - Autoscuola Le Badie,-,Scuola guida Prato - Autoscuola Le Badie,Prato,Toscana,https://www.autoscuolalebadie.it/
orlandi@sermetra.it,Autoscuola Bartalesi - di Orlandi O. e Figli,-,Autoscuola Bartalesi - di Orlandi O. e Figli,Coverciano,Toscana,https://www.autoscuolabartalesi.com/
autoscuoladanilo@yahoo.it,Autoscuola Danilo Snc,-,Autoscuola Danilo Snc,Pieve A Nievole,Toscana,https://autoscuoladanilo.altervista.org/
autoscuolacerreto@gmail.com,Autoscuola Cerreto,-,Autoscuola Cerreto,Scandicci,Toscana,https://www.lungotramvia.it/autoscuola-cerreto/
info@autoscuola2assi.it,Autoscuola 2Assi,-,Autoscuola 2Assi,Agliana,Toscana,https://autoscuola2assi.it/
info@autoscuoladiseano.it,"Autoscuola di Seano - Autoscuola Prato, Corsi CQC e Recupero punti, Rinnovi Patenti in sede, Scuola Nautica",-,"Autoscuola di Seano - Autoscuola Prato, Corsi CQC e Recupero punti, Rinnovi Patenti in sede, Scuola Nautica",Seano,Toscana,https://www.autoscuoladiseano.it/
infoautoscuola@gmail.com,Autoscuola La Rondinella,-,Autoscuola La Rondinella,Firenze,Toscana,http://www.lamiapatente.it/
info@futuraautoscuola.com,Autoscuola Futura,-,Autoscuola Futura,Firenze,Toscana,http://www.futuraautoscuola.com/
autoscuolacoli@gmail.com,Autoscuola Coli,-,Autoscuola Coli,Firenze,Toscana,http://www.cooaf.it/scuoleguida.php?id=28&citta_cerca=&ragsoc_cerca=&azione=
autoscuola.lastrucci@alice.it,AUTOSCUOLA LASTRUCCI,-,AUTOSCUOLA LASTRUCCI,Quarrata,Toscana,http://autoscuolalastrucci.com/
aiazzi@sermetra.it,Autoscuola Antonio Aiazzi - Calenzano,-,Autoscuola Antonio Aiazzi - Calenzano,Calenzano,Toscana,http://www.lascuolaguida.com/index.php
info@autoscuolatorquato.com,"Autoscuola Torquato Cilianuzzo - Autoscuola Prato, Rinnovo CQC, Patenti AM, A, B, C, D, E",-,"Autoscuola Torquato Cilianuzzo - Autoscuola Prato, Rinnovo CQC, Patenti AM, A, B, C, D, E",Prato,Toscana,http://www.autoscuolatorquato.it/
info@autoscuolamaliseti.it,Autoscuola Maliseti,-,Autoscuola Maliseti,Prato,Toscana,https://autoscuolamaliseti.it/
auoscuolascotti.osio@gmail.com,Autoscuola Scotti,-,Autoscuola Scotti,Firenze,Toscana,https://www.autoscuolascotti.it/
fucecchio@acifirenze.it,Autoscuola Europa 1 Aci Fucecchio,-,Autoscuola Europa 1 Aci Fucecchio,Fucecchio,Toscana,https://www.autoscuolaeuropa1.it/
cortesir0@sermetra.it,Autoscuola Cortesi,-,Autoscuola Cortesi,Prato,Toscana,https://www.autoscuolaprato.com/
info@eurodrive.it,Edrive - Driving and Sailing School,-,Edrive - Driving and Sailing School,Firenze,Toscana,http://www.eurodrive.it/
info@autoscuolaflorentia.com,Autoscuola Florentia s.a.s.,-,Autoscuola Florentia s.a.s.,Firenze,Toscana,https://www.autoscuolaflorentia.com/
autoscuola.vieusseux@gmail.com,Autoscuola Vieusseux,-,Autoscuola Vieusseux,Firenze,Toscana,http://www.autoscuola-vieusseux.it/
info@autoscuolailvolante.it,Autoscuola Il Volante,-,Autoscuola Il Volante,Firenze,Toscana,https://www.autoscuolefirenze.it/
autoscuolalaquerce@virgilio.it,Autoscuola La Querce di Lo Vecchio Massimo e C. Sas,-,Autoscuola La Querce di Lo Vecchio Massimo e C. Sas,Prato,Toscana,http://www.autoscuolalaquerce.it/
pt011@delegazioni.aci.it,Autoscuola Fedi Moreno,-,Autoscuola Fedi Moreno,Pistoia,Toscana,https://stadio.acipistoia.com/pratiche-e-servizi/
autoscuola.antonella@gmail.com,Autoscuola Antonella,-,Autoscuola Antonella,Campi Bisenzio,Toscana,http://www.autoscuolaantonellacampibisenzio.it/
cianelli0@sermetra.it,Autoscuola U.P.A.S.,-,Autoscuola U.P.A.S.,Sesto Fiorentino,Toscana,https://www.autoscuolefirenze.it/le-nostre-autoscuole-a-firenze/sede-di-sesto-fiorentino/
autoscuolabarberino@gmail.com,Autoscuola Barberino Di Paladini Daniela,-,Autoscuola Barberino Di Paladini Daniela,Barberino di Mugello,Toscana,http://www.cooaf.it/scuoleguida.php?id=48&citta_cerca=&ragsoc_cerca=&azione=
recordautoscuola@gmail.com,Autoscuola Record,-,Autoscuola Record,Firenze,Toscana,https://www.recordautoscuola.it/
info@vicinigroup.it,Autoscuola Vicini,-,Autoscuola Vicini,Cesena,Emilia-Romagna,https://www.vicinigroup.it/
info@autoscuolailsorpasso.it,Autoscuola Il Sorpasso,-,Autoscuola Il Sorpasso,Meldola,Emilia-Romagna,https://www.autoscuolailsorpasso.it/
info@autoscuolaravaglia.it,Autoscuola Ravaglia,-,Autoscuola Ravaglia,Savignano sul Rubicone,Emilia-Romagna,https://www.patenterinnovata.it/autoscuole/716-autoscuola-ravaglia
info@autoscuolemoderne.it,Autoscuole Moderne,-,Autoscuole Moderne,Meldola,Emilia-Romagna,http://www.autoscuolemoderne.it/
info@autoscuoleugolini.it,Autoscuole Ugolini,-,Autoscuole Ugolini,Bellaria-Igea Marina,Emilia-Romagna,http://www.autoscuoleugolini.it/
info@dride.com,Autoscuola Adriatica,-,Autoscuola Adriatica,Rimini,Emilia-Romagna,http://www.adriaticaweb.it/
info@autoscuolasarti.it,Autoscuola Pratiche Auto Sarti Di Sarti Bruno & C. S.N.C.,-,Autoscuola Pratiche Auto Sarti Di Sarti Bruno & C. S.N.C.,San Giovanni In Marignano,Emilia-Romagna,https://www.autoscuolasarti.it/
autogatteo@gmail.com,New Generation Autoscuola - Gatteo (FC),-,New Generation Autoscuola - Gatteo (FC),Sant'Angelo,Emilia-Romagna,http://www.autong.it/
autoscuolasacramora@gmail.com,Autoscuola Agenzia Pratiche Auto Sacramora,-,Autoscuola Agenzia Pratiche Auto Sacramora,Rimini,Emilia-Romagna,https://www.autoscuolasacramora.it/
autoscuolavalconca@alice.it,Autoscuola Valconca Di Imola Marcello & C Snc,-,Autoscuola Valconca Di Imola Marcello & C Snc,Morciano di Romagna,Emilia-Romagna,https://www.facebook.com/Autoscuola-Valconca-322298907793511/timeline/
easydrive.rimini@gmail.com,Autoscuola EASYDRIVE Rimini,-,Autoscuola EASYDRIVE Rimini,Rimini,Emilia-Romagna,https://autoscuolaeasydriverimini.it/
autoscuoladeimille@libero.it,Autoscuola Dei Mille Dei Fratelli Bastoni Marco E Simonetta & C. Sas,-,Autoscuola Dei Mille Dei Fratelli Bastoni Marco E Simonetta & C. Sas,Rimini,Emilia-Romagna,http://www.autoscuoladeimille.it/
matteomary@gmail.com,Autoscuola Ma.Ma. di Mariani Matteo,-,Autoscuola Ma.Ma. di Mariani Matteo,San Mauro Pascoli,Emilia-Romagna,https://www.autoscuolamama.com/
info@guidarepilotare.com,GuidarePilotare S.r.l.,-,GuidarePilotare S.r.l.,Misano Adriatico,Emilia-Romagna,https://www.guidarepilotare.com/
info@autoscuoladino.it,Autoscuola Dino,-,Autoscuola Dino,Osteria Nuova,Marche,https://www.autoscuoladino.it/
info@autoscuolabassani.it,Autoscuola Bassani,-,Autoscuola Bassani,Pesaro,Marche,http://www.autoscuolabassani.it/
autoscuolalucreziasa@gmail.com,Autoscuola Antonioni di Sabrina Antonioni & C. (sede di Calcinelli),-,Autoscuola Antonioni di Sabrina Antonioni & C. (sede di Calcinelli),Calcinelli,Marche,https://www.autoscuoleantonionicalcinelli-lucrezia.it/
autoscuolaflavioantonioni@gmail.com,Autoscuola Flavio Antonioni,-,Autoscuola Flavio Antonioni,Fano,Marche,https://autoscuolaflavioantonioni.com/
info@autoscuoladuepi.it,Autoscuola Due Pi,-,Autoscuola Due Pi,Senigallia,Marche,http://www.autoscuoladuepi.it/
autoscuolaguiducci@gmail.com,Autoscuola-Agenzia Pratiche Auto Guiducci Luca,-,Autoscuola-Agenzia Pratiche Auto Guiducci Luca,Senigallia,Marche,http://www.autoscuolaguiducci.it/
automobileclubancona@pec.aci.it,Delegazione ACI Osimo (An) - Autoscuola ready2go,-,Delegazione ACI Osimo (An) - Autoscuola ready2go,San Biagio,Marche,http://www.ancona.aci.it/
info@autoscuolaricca.com,Autoscuola Ricca di Postiglione Gabriella e Michele s.n.c.,-,Autoscuola Ricca di Postiglione Gabriella e Michele s.n.c.,Vigone,Piemonte,http://www.autoscuolaricca.com/
autoscuolasabinisolera@virgilio.it,Autoscuola Sabini Solera,-,Autoscuola Sabini Solera,Pinerolo,Piemonte,http://www.autoscuolasabinisolera.com/
autoscuolarosso@libero.it,Autoscuola Rosso,-,Autoscuola Rosso,Pinerolo,Piemonte,https://www.autoscuolarosso.it/
info@nauticavinovo.com,Autoscuola Scuola Nautica Agenzia Vinovo Di Lacerenza Luisa,-,Autoscuola Scuola Nautica Agenzia Vinovo Di Lacerenza Luisa,Vinovo,Piemonte,http://www.nauticavinovo.com/
autostudiobergese@gmail.com,Autoscuola Bergese,-,Autoscuola Bergese,Fossano,Piemonte,http://www.autoscuolabergese.it/
cirie@10e10autoscuole.it,Autoscuola 10e10,-,Autoscuola 10e10,Bra,Piemonte,https://www.10e10autoscuole.it/
info@autoscuolacozza.it,Autoscuola Cozza s.a.s.,-,Autoscuola Cozza s.a.s.,Sommariva del Bosco,Piemonte,https://www.autoscuolacozza.it/
info@autoscuola-europa.com,Autoscuola Europa,-,Autoscuola Europa,Genova,Liguria,http://autoscuola-europa.com/
rivarologe@gmail.com,Autoscuola Rivarolo di Alfieri Andrea & C sas,-,Autoscuola Rivarolo di Alfieri Andrea & C sas,Genova,Liguria,https://www.autoscuolarivarolo.it/
info@bontempiscuolaguida.it,Bontempi Scuola Guida,-,Bontempi Scuola Guida,Genova,Liguria,http://www.bontempiscuolaguida.net/
autoscuolaquila@tiscali.it,Autoscuola Aquila Genova,-,Autoscuola Aquila Genova,Genova,Liguria,https://www.autoscuolaaquila.it/
info@autoscuolaghio.com,Autoscuola Ghio,-,Autoscuola Ghio,Genova,Liguria,https://www.autoscuolaghio.com/
info@rinnovopatenti.it,Rinnovo Patente Genova-Foto in sede,-,Rinnovo Patente Genova-Foto in sede,Genova,Liguria,https://rinnovopatenti.it/rinnovo-patente-genova?utm_source=google&utm_medium=GBP
info@autoscuolatacchino.com,Autoscuola Tacchino Genova,-,Autoscuola Tacchino Genova,Genova,Liguria,http://www.autoscuolatacchino.com/
info@scuolaguidaottonello.com,Autoscuola Ottonello Genova,-,Autoscuola Ottonello Genova,Genova,Liguria,http://www.scuolaguidaottonello.com/
info@consorzionw.it,Consorzio Autoscuole Nord Ovest,-,Consorzio Autoscuole Nord Ovest,Genova,Liguria,http://www.consorzionw.it/
enteryour@addresshere.com,Autoscuola Romano,-,Autoscuola Romano,Arquata Scrivia,Piemonte,http://www.autoscuolaromano.it/
parma@autoscuolacrocetta.it,Autoscuola Crocetta Langhirano,-,Autoscuola Crocetta Langhirano,Langhirano,Emilia-Romagna,http://www.autoscuolacrocetta.it/
info@autoscuolacarra.it,Autoscuola Carra,-,Autoscuola Carra,Langhirano,Emilia-Romagna,http://www.autoscuolacarra.it/
traversetolo@autoscuolaeuropea.it,ACI Autoscuola Agenzia Europea Traversetolo,-,ACI Autoscuola Agenzia Europea Traversetolo,Traversetolo,Emilia-Romagna,https://www.autoscuolaeuropea.it/
sassuolo@autoscuolasprint.it,Autoscuola Sprint Sassuolo di Tosi Elena,-,Autoscuola Sprint Sassuolo di Tosi Elena,Sassuolo,Emilia-Romagna,http://www.autoscuolasprint.it/
info@gmail.com,Coop. Autoscuole Reggiane. Bibbiano,-,Coop. Autoscuole Reggiane. Bibbiano,Bibbiano,Emilia-Romagna,https://www.coopautoscuolereggiane.com/
demo@divi.express,Autoscuola Gatti srl,-,Autoscuola Gatti srl,Reggio Emilia,Emilia-Romagna,http://autoscuolagatti.it/
autoscuola.denegri@gmail.com,Autoscuola De Negri,-,Autoscuola De Negri,Sassuolo,Emilia-Romagna,https://www.autoscuoladenegri.it/
aappennina@gmail.com,Autoscuola Appennina Snc,-,Autoscuola Appennina Snc,Castelnovo ne' Monti,Emilia-Romagna,https://autoscuolappennina.it/
info@autoscuoleascari.it,Autoscuole Ascari,-,Autoscuole Ascari,Sassuolo,Emilia-Romagna,http://www.autoscuoleascari.it/
info@reggioautoscuole.it,"Reggio Autoscuole Di Barbieri Ivano, Riccardo & Claudio",-,"Reggio Autoscuole Di Barbieri Ivano, Riccardo & Claudio",Reggio Emilia,Emilia-Romagna,https://www.reggioautoscuole.it/
au.pezzi@libero.it,Autoscuola Pezzi,-,Autoscuola Pezzi,Scandiano,Emilia-Romagna,http://autoscuolapezzi.it/
info@baraldi.it,Autoscuole Baraldi Srl,-,Autoscuole Baraldi Srl,Reggio Emilia,Emilia-Romagna,http://www.baraldi.it/
info@campoprova.it,Autoscuola Gatti Quattro Castella,-,Autoscuola Gatti Quattro Castella,Quattro Castella,Emilia-Romagna,https://autoscuolagatti.it/sedi-contatti/
autoscuolaboschi@gmail.com,Autoscuola Boschi 1 Casalecchio galleria ronzani,-,Autoscuola Boschi 1 Casalecchio galleria ronzani,Casalecchio di Reno,Emilia-Romagna,http://www.autoscuolaboschi.com/
autoscuolegrandi@hotmail.it,Autoscuola Grandi,-,Autoscuola Grandi,Anzola dell'Emilia,Emilia-Romagna,http://www.autoscuolegrandi.it/
info@autoscuolasassomarconi.it,Autoscuola Sasso Marconi,-,Autoscuola Sasso Marconi,Sasso Marconi,Emilia-Romagna,https://www.autoscuolasassomarconi.it/
infoautoscuolasangio@pec.it,Autoscuola Sangio srl,-,Autoscuola Sangio srl,San Giovanni in Persiceto,Emilia-Romagna,https://www.autoscuolasangio.it/
autoscuola.tricolore@gmail.com,Autoscuola Tricolore,-,Autoscuola Tricolore,3a40132,Emilia-Romagna,http://www.autoscuolatricolore.com/
info@autoscuolasantaviola.com,Autoscuola Santa Viola,-,Autoscuola Santa Viola,Bologna,Emilia-Romagna,http://www.autoscuolasantaviola.com/
autoscuolestarter@gmail.com,Ars Autoscuole Riunite Starter,-,Ars Autoscuole Riunite Starter,Zola Predosa,Emilia-Romagna,https://scuolaguidaa.wixsite.com/sito-autoscuola
easydrivemonte@gmail.com,Easy Drive Autoscuola,-,Easy Drive Autoscuola,Monteveglio,Emilia-Romagna,https://www.easydriveautoscuola.it/
autoscuola.nonantola.2000@gmail.com,Autoscuola 2000,-,Autoscuola 2000,Nonantola,Emilia-Romagna,https://www.autoscuola-2000.it/
info@autoscuolapitstop.com,Autoscuola Pit Stop,-,Autoscuola Pit Stop,Calderino,Emilia-Romagna,http://www.autoscuolapitstop.com/
info@matteuzzipatenti.it,Autoscuola Matteuzzi,-,Autoscuola Matteuzzi,Bologna,Emilia-Romagna,http://www.matteuzzipatenti.it/
felsinea2006@libero.it,Autoscuola Felsinea,-,Autoscuola Felsinea,Bazzano,Emilia-Romagna,http://www.autoscuolafelsinea.com/
bologna@autoscuolaquadri.it,Autoscuola Pratiche Auto Quadri,-,Autoscuola Pratiche Auto Quadri,Pianoro,Emilia-Romagna,http://www.autoscuolaquadri.it/
info@autoscuolatugnoli.it,Autoscuola Tugnoli,-,Autoscuola Tugnoli,Bologna,Emilia-Romagna,https://www.autoscuolatugnoli.com/
scuolaguidaminghetti@gmail.com,Autoscuola Minghetti Di Luca Minghetti,-,Autoscuola Minghetti Di Luca Minghetti,San Lazzaro di Savena,Emilia-Romagna,https://www.autoscuolaminghetti.it/
info@patentebologna.it,Autoscuola Bignami,-,Autoscuola Bignami,Minerbio,Emilia-Romagna,http://www.patentebologna.it/
padova.asso@gmail.com,Autoscuola Asso Srl,-,Autoscuola Asso Srl,Bologna,Emilia-Romagna,http://www.assoautoscuola.it/
guidain101@hotmail.it,Autoscuola Franka 101 Bologna,-,Autoscuola Franka 101 Bologna,Bologna,Emilia-Romagna,http://www.autoscuola101.com/
agenziascarani@gmail.com,Scarani Pratiche Auto - Scuola Guida e Nautica,-,Scarani Pratiche Auto - Scuola Guida e Nautica,Bologna,Emilia-Romagna,https://patentiscarani.it/
nuovaminarelli@gmail.com,Autoscuola Minarelli,-,Autoscuola Minarelli,Bologna,Emilia-Romagna,https://www.autoscuolaminarelli.com/
mantovani@libero.it,Autoscuola Citta' Di Molinella Di Mantovani Maurizio,-,Autoscuola Citta' Di Molinella Di Mantovani Maurizio,Molinella,Emilia-Romagna,http://www.autoscuolamolinella.it/
assistenza.clienti@trovavetrine.it,Autoscuola Check-Up,-,Autoscuola Check-Up,Monghidoro,Emilia-Romagna,http://www.trovavetrine.it/
zanbar@pecsicura.it,Autoscuola Zanbar,-,Autoscuola Zanbar,Budrio,Emilia-Romagna,https://www.autoscuolazanbar.it/
islerosrl@email.it,Autoscuola Alberti,-,Autoscuola Alberti,Ravenna,Emilia-Romagna,https://www.autoscuoleandrea.com/
studioalfaargenta@libero.it,AUTOSCUOLA Studio Alfa Argenta,-,AUTOSCUOLA Studio Alfa Argenta,Argenta,Emilia-Romagna,http://www.studioalfaargenta.it/
info@autoscuolavalerio.it,Autoscuola Agenzia Valerio di Farina Silvia & c. snc,-,Autoscuola Agenzia Valerio di Farina Silvia & c. snc,Russi,Emilia-Romagna,http://www.autoscuolavalerio.it/
info@sarisrl.it,SARI Autoscuola - Agenzia Pratiche Auto,-,SARI Autoscuola - Agenzia Pratiche Auto,Argenta,Emilia-Romagna,http://www.sarisrl.it/
portogaribaldi@autoscuola7lidi.it,Autoscuola 7 Lidi Di Grandi Geom. Daniele,-,Autoscuola 7 Lidi Di Grandi Geom. Daniele,Porto Garibaldi,Emilia-Romagna,https://www.autoscuola7lidi.it/
info@autoscuolacorner.it,Autoscuola & Consorzio CORNER,-,Autoscuola & Consorzio CORNER,Trieste,Friuli-Venezia Giulia,http://www.autoscuolacorner.it/
info@easydrivermuggia.it,Autoscuola Easydriver,-,Autoscuola Easydriver,Muggia,Friuli-Venezia Giulia,http://www.easydrivermuggia.it/
autoscuola@davanzo.it,Autoscuola Davanzo,-,Autoscuola Davanzo,Monfalcone,Friuli-Venezia Giulia,http://www.autoscuoladavanzo.com/
info@personalsprint.it,Personal Sprint | Autoscuola Trieste,-,Personal Sprint | Autoscuola Trieste,Trieste,Friuli-Venezia Giulia,http://www.personalsprint.it/
mitotrieste@gmail.com,Mito | Agenzia Pratiche Auto - Moto - Nautica,-,Mito | Agenzia Pratiche Auto - Moto - Nautica,Trieste,Friuli-Venezia Giulia,https://www.praticheautotrieste.com/
info@autoscuolabellorini.com,Autoscuola Bello.Rini,-,Autoscuola Bello.Rini,Piossasco,Piemonte,http://www.autoscuolabellorini.com/
info@autoscuolarally.it,Autoscuola Rally,-,Autoscuola Rally,Rivoli,Piemonte,http://www.autoscuolarally.it/
autoscuolatorino2@yahoo.it,Autoscuola Torino 2,-,Autoscuola Torino 2,Torino,Piemonte,https://www.autoscuolatorino2.it/
autoscuolavittoria.sas@hotmail.it,Autoscuola Vittoria,-,Autoscuola Vittoria,Alpignano,Piemonte,http://www.autoscuolavittoria.it/
info@autoscuolamosconi.it,Autoscuola A.l.m.,-,Autoscuola A.l.m.,Lanzo Torinese,Piemonte,https://autoscuolamosconi.it/
planetvercelli@gmail.com,Autoscuola Planet,-,Autoscuola Planet,Torino,Piemonte,https://autoscuolaplanet.it/autoscuola-torino/autoscuola-corso-vercelli-torino/
planetlivorno@gmail.com,Autoscuola Planet,-,Autoscuola Planet,Torino,Piemonte,https://www.autoscuolaplanet.it/
info@autoscuolaforneris.com,Autoscuola Forneris,-,Autoscuola Forneris,Torino,Piemonte,https://www.autoscuolaforneris.com/
info@autoscuolapo.it,Autoscuola Po,-,Autoscuola Po,Torino,Piemonte,https://www.autoscuolapo.it/
info@autoscuolatomiozzo.it,Autoscuola Agenzia Tomiozzo,-,Autoscuola Agenzia Tomiozzo,Collegno,Piemonte,https://www.autoscuolatomiozzo.com/
sg.mondial75@gmail.com,Autoscuola Mondial,-,Autoscuola Mondial,Torino,Piemonte,https://www.autoscuolamondialtorino.com/
gamma@gamma-autonautica.com,Autoscuola - Scuola Nautica Gamma,-,Autoscuola - Scuola Nautica Gamma,Torino,Piemonte,https://www.gamma-autonautica.com/
autoscuolagrosseto@gmail.com,Autoscuola Grosseto,-,Autoscuola Grosseto,Torino,Piemonte,http://www.autoscuolagrosseto.it/
info@autoscuolareina.it,AUTOSCUOLA REINA,-,AUTOSCUOLA REINA,Torino,Piemonte,http://autoscuolareina.it/
autoscuolaumbria@gmail.com,Autoscuola Umbria,-,Autoscuola Umbria,Torino,Piemonte,http://www.autoscuolaumbria.it/
francolino@sermetra.it,Autoscuola Agenzia Pratiche Auto Sansecondo,-,Autoscuola Agenzia Pratiche Auto Sansecondo,Torino,Piemonte,https://www.sermetra.it/scheda-agenzia/torino/autoscuola-e-agenzia-san-secondo/486-1/
segreteria@acieureka.it,Autoscuola Eureka Fiduciaria Aci,-,Autoscuola Eureka Fiduciaria Aci,Torino,Piemonte,https://www.autoscuolaeureka.com/
autoscuolamonza@gmail.com,Autoscuola Monza,-,Autoscuola Monza,Torino,Piemonte,http://www.autoscuolamonza.it/
info@autoscuolamartina.it,Autoscuola Martina - Mappano,-,Autoscuola Martina - Mappano,Mappano,Piemonte,https://autoscuolamartina.it/
info@autoscuoladelrio.it,Autoscuola Agenzia S. Croce Pratiche Auto,-,Autoscuola Agenzia S. Croce Pratiche Auto,Moncalieri,Piemonte,http://www.praticheautosantacrocemoncalieri.com/
autoscuolalanzo.torino@gmail.com,Autoscuola Lanzo Di A.R.V.A. Sas Di Russo Anna & C.,-,Autoscuola Lanzo Di A.R.V.A. Sas Di Russo Anna & C.,Torino,Piemonte,http://www.autoscuolalanzo.it/
info@autoscuolaaurora.eu,Autoscuola e Agenzia Aurora,-,Autoscuola e Agenzia Aurora,Torino,Piemonte,http://www.autoscuolauroratorino.it/
autoscuola.lafenice@libero.it,AUTOSCUOLA LA FENICE,-,AUTOSCUOLA LA FENICE,Torino,Piemonte,https://autoscuolalafenice.wixsite.com/autoscuola-la-fenice
autoscuolanichelino@gmail.com,Autoscuola Nichelino,-,Autoscuola Nichelino,Nichelino,Piemonte,http://www.autoscuolanichelino.it/
info@autoscuolaburini.it,Autoscuola Burini,-,Autoscuola Burini,Asti,Piemonte,https://www.autoscuolaburini.it/
info@autoscuolatorretta.it,Autoscuola Torretta,-,Autoscuola Torretta,Asti,Piemonte,http://www.autoscuolatorretta.it/
info@autoscuolastazione.it,Autoscuola Stazione,-,Autoscuola Stazione,Asti,Piemonte,https://www.autoscuolastazione.it/
consorzio.astiscuola@gmail.com,Autoscuola San Pietro,-,Autoscuola San Pietro,Asti,Piemonte,http://www.consorzioastiscuola.it/trova_autoscuola.aspx
info@autoscuolafederico.it,Autoscuola Federico,-,Autoscuola Federico,Spinetta Marengo,Piemonte,http://www.autoscuolafederico.it/
info@autoscuola-moderna.com,Autoscuola Moderna di Coppo Lodovico & C. SAS,-,Autoscuola Moderna di Coppo Lodovico & C. SAS,Casale Monferrato,Piemonte,http://www.autoscuola-moderna.com/
info@autoscuolamoderna.com,Autoscuola Moderna,-,Autoscuola Moderna,Alessandria,Piemonte,http://www.autoscuolamoderna.com/
autoscuola.aleramo@hotmail.it,Autoscuola Aleramo,-,Autoscuola Aleramo,Asti,Piemonte,http://www.autoscuola-aleramo.it/
info@autoscuolacaberletti.it,Autoscuola Caberletti,-,Autoscuola Caberletti,Canale,Piemonte,http://www.autoscuolacaberletti.it/
info@autoscuolagramsci.it,Autoscuola Gramsci,-,Autoscuola Gramsci,Valenza,Piemonte,https://www.autoscuolagramsci.it/
autoscuolabianco@avant.it,AUTOSCUOLA-AGENZIA BIANCO di MUSSO MARCO,-,AUTOSCUOLA-AGENZIA BIANCO di MUSSO MARCO,Moncalvo,Piemonte,http://www.autoscuolabianco.it/
autoscuolavalenzana@libero.it,Autoscuola Valenzana,-,Autoscuola Valenzana,Valenza,Piemonte,https://www.autoscuolavalenzana.it/
info@autoscuolaguaschino.it,autoscuola guaschino,-,autoscuola guaschino,Casale Monferrato,Piemonte,http://www.autoscuolaguaschino.it/
info@autoscuolacanto.it,Autoscuola Canto,-,Autoscuola Canto,Tortona,Piemonte,https://www.autoscuolacanto.it/
brusa_fabio@libero.it,Autoscuola Brusa Mario Sas,-,Autoscuola Brusa Mario Sas,Voghera,Lombardia,https://www.autoscuolabrusa.com/
autoscuola2000stradella@gmail.com,Autoscuola 2000,-,Autoscuola 2000,Stradella,Lombardia,http://www.autoscuola2000.org/
autoscuola.garibaldi@gmail.com,Autoscuola Garibaldi,-,Autoscuola Garibaldi,Pavia,Lombardia,https://www.autoscuolecap.it/wp/autoscuola-garibaldi/
info@autoscuolagolgi.it,Autoscuola Golgi,-,Autoscuola Golgi,Pavia,Lombardia,https://autoscuolagolgi.it/
autoscuola-europa@libero.it,Autoscuola Europa,-,Autoscuola Europa,Stradella,Lombardia,https://www.europa-autoscuola.it/
info@patentevai.com,Autoscuola Patente Vai | Borgonovo,-,Autoscuola Patente Vai | Borgonovo,Borgonovo Val Tidone,Emilia-Romagna,https://patentevai.com/
silvia@autoscuolafarnese.it,Autoscuola Farnese Piacenza,-,Autoscuola Farnese Piacenza,Piacenza,Emilia-Romagna,http://www.autoscuolafarnese.it/
info@autoscuolabelvedere.it,Autoscuola Belvedere,-,Autoscuola Belvedere,Piacenza,Emilia-Romagna,http://www.autoscuolabelvedere.it/
autoscuolaabz@tiscali.it,Autoscuola Bellani & Zuffada snc,-,Autoscuola Bellani & Zuffada snc,Codogno,Lombardia,http://autoscuolabellanizuffada.com/
bracchi@autoscuolabracchi.it,Autoscuola Bracchi Sas,-,Autoscuola Bracchi Sas,Piacenza,Emilia-Romagna,http://www.autoscuolabracchi.it/
info@autoscuoladiaz.it,Autoscuola Diaz,-,Autoscuola Diaz,Casalpusterlengo,Lombardia,https://www.autoscuoladiaz.it/
info@autoscuolamino-jetticasale.it,Autoscuola Mino-Jetti Casale Snc,-,Autoscuola Mino-Jetti Casale Snc,Casalpusterlengo,Lombardia,http://www.autoscuolamino-jetticasale.it/
autoscuolaticino@libero.it,Autoscuola Ticino,-,Autoscuola Ticino,Pavia,Lombardia,http://www.autoscuolecap.it/wp/autoscuola-ticino/
info@micheliniformazione.it,Autoscuola Galli by Michelini,-,Autoscuola Galli by Michelini,Cremona,Lombardia,http://www.autoscuolagalli.it/
autoscuolapilota@gmail.com,Autoscuola Pilota,-,Autoscuola Pilota,Collecchio,Emilia-Romagna,http://www.autoscuolapilota.it/
info@agenzia-galli.it,Autoscuola Giulia,-,Autoscuola Giulia,Vescovato,Lombardia,http://www.agenzia-galli.it/
info@autoscuolamodernaparma.it,Autoscuola Moderna,-,Autoscuola Moderna,Parma,Emilia-Romagna,http://www.autoscuolamodernaparma.it/
quadrifoglio.rt@libero.it,Autoscuola Quadrifoglio,-,Autoscuola Quadrifoglio,Fidenza,Emilia-Romagna,https://patenterinnovata.it/autoscuole/198-quadrifoglio
info99@autoscuolavolturno.it,Autoscuola Volturno Parma,-,Autoscuola Volturno Parma,Parma,Emilia-Romagna,https://www.autoscuolavolturno.it/
autoscuolapelosi@gmail.com,Autoscuola Pelosi,-,Autoscuola Pelosi,Parma,Emilia-Romagna,https://www.autoscuolapelosi.it/
emiliascuoladiguida@gmail.com,Emilia Scuola di Guida Parma,-,Emilia Scuola di Guida Parma,Parma,Emilia-Romagna,http://www.emiliascuoladiguida.it/
info@autoscuolabigi.it,Autoscuola Bigi,-,Autoscuola Bigi,Parma,Emilia-Romagna,http://autoscuolabigi.com/
autoscuola@parma.aci.it,AUTOSCUOLA ACI PARMA,-,AUTOSCUOLA ACI PARMA,Parma,Emilia-Romagna,https://parma.aci.it/Autoscuola
barigazzidaniel@libero.it,Autoscuola Busi,-,Autoscuola Busi,Viadana,Lombardia,http://www.abautoscuole.it/
info@autoscuolavirgiliana.it,Virgiliana Autoscuola e Nautica - Mantova,-,Virgiliana Autoscuola e Nautica - Mantova,Mantova,Lombardia,http://www.autoscuolavirgiliana.it/
mn044@delegazioni.aci.it,Autoscuole Bondioli,-,Autoscuole Bondioli,Suzzara,Lombardia,https://autoscuolebondioli.it/
info@autoscuolacannetese.it,Autoscuola Cannetese Snc Di Compagnoni Luca & C.,-,Autoscuola Cannetese Snc Di Compagnoni Luca & C.,Canneto sull'Oglio,Lombardia,http://www.autoscuolacannetese.it/dove-siamo/
segreteria@parma.aci.it,Automobile Club Parma,-,Automobile Club Parma,Parma,Emilia-Romagna,http://www.parma.aci.it/
info@unioneautoscuolecarpi.it,Autoscuola Unione Autoscuole Carpi Snc,-,Autoscuola Unione Autoscuole Carpi Snc,Carpi,Emilia-Romagna,http://www.unioneautoscuolecarpi.it/
info@autoscuola-sprint.it,Autoscuola Fioravanti di SPRINT SERVIZI s.n.c.,-,Autoscuola Fioravanti di SPRINT SERVIZI s.n.c.,Castelmassa,Veneto,https://www.autoscuola-sprint.it/
info@autoscuolecapponcelli.it,Autoscuola Capponcelli,-,Autoscuola Capponcelli,Cento,Emilia-Romagna,http://www.autoscuolecapponcelli.it/
info@autoscuolarossi.it,Autoscuola Agenzia Rossi S.N.C.,-,Autoscuola Agenzia Rossi S.N.C.,Rovigo,Veneto,http://www.autoscuolarossi.it/
info@autoscuolaquattroruote.it,Autoscuola Quattroruote di Davì Cinzia,-,Autoscuola Quattroruote di Davì Cinzia,Trecenta,Veneto,http://www.autoscuolaquattroruote.it/
autostop.rovigo@libero.it,"""Autoscuola Agenzia Autostop"" di Biscuolo Nicola",-,"""Autoscuola Agenzia Autostop"" di Biscuolo Nicola",Rovigo,Veneto,http://www.autoscuolaautostop.it/
servizi@autoscuola2000.com,Autoscuola 2000 di Benazzi Anio,-,Autoscuola 2000 di Benazzi Anio,Mesola,Emilia-Romagna,https://www.autoscuola2000.com/
info@autoscuolafpa.it,Autoscuola FPA Porto Viro,-,Autoscuola FPA Porto Viro,Porto Viro,Veneto,http://www.autoscuolafpa.it/
autoscuolavittoriadue@gmail.com,Autoscuola Vittoria 2,-,Autoscuola Vittoria 2,Chioggia,Veneto,http://www.autoscuolavittoriadue.it/
info@autoscuolasorgato.it,Autoscuola Sorgato S.N.C.,-,Autoscuola Sorgato S.N.C.,Codevigo,Veneto,https://www.autoscuolasorgato.it/autoscuola-sorgato-codevigo/home-page-codevigo
info@autoscuolafranco.it,Autoscuola Franco,-,Autoscuola Franco,Conselve,Veneto,http://www.autoscuolafranco.it/
info@autoscuoladenny.it,Autoscuola Denny - Conselve,-,Autoscuola Denny - Conselve,Conselve,Veneto,https://www.autoscuoladenny.it/
info@agenziacse.it,Autoscuola San Giorgio Cse,-,Autoscuola San Giorgio Cse,Due Carrare,Veneto,https://www.autoscuolasangiorgiocse.com/
fracaro@fracaro.it,Autoscuola Fracaro,-,Autoscuola Fracaro,Venezia,Veneto,http://www.fracaro.it/
info@autoscuolaserenissima.com,Autoscuola Serenissima,-,Autoscuola Serenissima,Venezia,Veneto,https://autoscuolaserenissima.net/
autoscuola@autoscuolainfortunisticafabris.it,Autoscuola Fabris Camponogara,-,Autoscuola Fabris Camponogara,Camponogara,Veneto,http://www.autoscuolainfortunisticafabris.it/
autoscuolapadana@gmail.com,Autoscuola Padana di Carlotta Castaldo e C. Snc,-,Autoscuola Padana di Carlotta Castaldo e C. Snc,Mira,Veneto,http://www.autoscuolapadana.it/
info@autoscuolainmarcia.it,Autoscuola In MARCIA,-,Autoscuola In MARCIA,Marcon-Gaggio-Colmello,Veneto,http://www.autoscuolainmarcia.it/
info@autoscuolafast.it,Autoscuola Fast - Agenzia Fast,-,Autoscuola Fast - Agenzia Fast,Spinea,Veneto,http://www.autoscuolafast.it/
aut.fiumegazzera@gmail.com,Autoscuola Fiume,-,Autoscuola Fiume,Venezia,Veneto,http://www.autoscuolafiume.it/
info@cuat.it,Autoscuola Virgilio Snc,-,Autoscuola Virgilio Snc,Trieste,Friuli-Venezia Giulia,http://www.cuat.it/pagina.asp?id=11
autoscuolaburan@libero.it,Autoscuola Buran,-,Autoscuola Buran,San Donà di Piave,Veneto,http://www.autoscuoleburan.it/
info@la500.it,AGENZIA AUTOSCUOLA LA 500 - La 500 snc di Rizzetto Loreno e Nardin Manuel & C.,-,AGENZIA AUTOSCUOLA LA 500 - La 500 snc di Rizzetto Loreno e Nardin Manuel & C.,Crepaldo,Veneto,http://www.la500.it/
info@autoscuola2000.it,AUTOSCUOLA 2000 LIDO - SCUOLA GUIDA E NAUTICA -,-,AUTOSCUOLA 2000 LIDO - SCUOLA GUIDA E NAUTICA -,Lido,Veneto,http://autoscuola2000.it/
bernie@berniedrive.com,Autoscuola Bernardinello,-,Autoscuola Bernardinello,Lido,Veneto,http://www.berniedrive.com/
info@autoscuolaalampi.it,Autoscuola-Scuola Nautica Alampi-Agenzia auto-nautica,-,Autoscuola-Scuola Nautica Alampi-Agenzia auto-nautica,San Giorgio di Nogaro,Friuli-Venezia Giulia,http://www.autoscuolaalampi.it/
autoscuola.4ruote@libero.it,Autoscuola 4 Ruote | Scuola Guida,-,Autoscuola 4 Ruote | Scuola Guida,Azzano Decimo,Friuli-Venezia Giulia,https://www.autoscuolaagenzia4ruote.it/
maccorin@sermetra.it,Autoscuola Formula 2000 - Pramaggiore,-,Autoscuola Formula 2000 - Pramaggiore,Pramaggiore Blessaglia,Veneto,https://www.autoscuolaformula2000.it/
infoadr@autoscuolamambrini.it,Autoscuola Mambrini,-,Autoscuola Mambrini,Trieste,Friuli-Venezia Giulia,http://www.autoscuolamambrini.it/
documenti@piavegroup.it,Agenzia Autoscuola Piave,-,Agenzia Autoscuola Piave,Lido di Jesolo,Veneto,http://www.piavegroup.com/
udine@gruppolenarduzzi.it,Autoscuola Lenarduzzi Srl,-,Autoscuola Lenarduzzi Srl,Spilimbergo,Friuli-Venezia Giulia,http://www.autoscuolalenarduzzi.it/
info@autoscuolagiotto.it,Autoscuola Giotto,-,Autoscuola Giotto,Grugliasco,Piemonte,http://www.autoscuolagiotto.it/
mail@autoscuolafalchera.it,Autoscuola Ferraro Falchera,-,Autoscuola Ferraro Falchera,Torino,Piemonte,http://www.autoscuolafalchera.it/
autoscuoladeferrari@libero.it,Autoscuola DE FERRARI - Agenzia Pratiche Auto CASSINA,-,Autoscuola DE FERRARI - Agenzia Pratiche Auto CASSINA,Ivrea,Piemonte,http://autoscuoladeferrari.it/
europa.autoscuola@libero.it,Autoscuola Pratiche Auto 'Europa' Di Peretti Luca,-,Autoscuola Pratiche Auto 'Europa' Di Peretti Luca,Ivrea,Piemonte,http://www.autoscuolaeuropaivrea.it/
autoscuolavercellese@pec.it,NUOVA AUTOSCUOLA VERCELLESE DI MUSELLI BRUNO & C. SAS,-,NUOVA AUTOSCUOLA VERCELLESE DI MUSELLI BRUNO & C. SAS,Vercelli,Piemonte,https://sites.google.com/view/autoscuolavercellese
autoscuoladerosa@gmail.com,Autoscuola De Rosa,-,Autoscuola De Rosa,Gallarate,Lombardia,http://www.autoscuoladerosa.it/
aut.sancristoforo@gmail.com,Autoscuola San Cristoforo,-,Autoscuola San Cristoforo,Novara,Piemonte,http://www.autoscuolasancristoforo.com/
autoscuolaboschetti@gmail.com,Autoscuola Boschetti Di Boschetti Paolo,-,Autoscuola Boschetti Di Boschetti Paolo,Novara,Piemonte,http://www.autoscuolaboschetti.com/
info@autoscuolacena.it,Autoscuola Cena,-,Autoscuola Cena,Biella,Piemonte,http://www.autoscuolacena.it/
scuolaguidarenato@gmail.com,Autoscuola Renato Di Carolo Davide,-,Autoscuola Renato Di Carolo Davide,Gallarate,Lombardia,http://www.scuolaguidarenato.it/
tapella.autoscuola@gmail.com,Autoscuola Tapella sas - Novara,-,Autoscuola Tapella sas - Novara,Novara,Piemonte,http://www.autoscuolatapella.it/
gallarate@autoscuolaalbatros.it,Autoscuola Albatros Di Venturi Giovanni & C. sas,-,Autoscuola Albatros Di Venturi Giovanni & C. sas,Gallarate,Lombardia,https://www.autoscuolaalbatros.it/
info@autoscuolaepo.it,Autoscuola Epo,-,Autoscuola Epo,Ivrea,Piemonte,https://www.autoscuolaepo.it/
autoscuolasimone@gmail.com,Autoscuola Simone Di Simone Antonino,-,Autoscuola Simone Di Simone Antonino,Novara,Piemonte,http://autoscuolasimone.it/
autoscuolalodovica@gmail.com,Autoscuola Lodovica,-,Autoscuola Lodovica,Milano,Lombardia,http://www.autoscuolalodovica.com/
s.ambroeus@tin.it,Autoscuola Sant'Ambroeus,-,Autoscuola Sant'Ambroeus,Milano,Lombardia,https://www.autoscuolasantambroeus.com/
info@autoscuolasiziano.it,Autoscuola Siziano,-,Autoscuola Siziano,Siziano,Lombardia,http://www.autoscuolasiziano.it/
info@autoscuolamarti.com,Autoscuola Marti Srl,-,Autoscuola Marti Srl,Locate di Triulzi,Lombardia,http://www.autoscuolamarti.com/
autoscuolagovone@autoscuolagovone.com,Autoscuola Guida e Vai - Govone,-,Autoscuola Guida e Vai - Govone,Milano,Lombardia,https://autoscuolagovone.com/
autoscuolamoderna9@gmail.com,Autoscuola Moderna Novara,-,Autoscuola Moderna Novara,Milano,Lombardia,https://www.autoscuolamoderna.eu/le-sedi/milano-novara-via-novara-62-20148-milano.html
info@autoscuolatrezzano.it,Autoscuola Trezzano,-,Autoscuola Trezzano,Trezzano sul Naviglio,Lombardia,https://www.autoscuolatrezzano.it/
info@autoscuolaprealpi.it,Autoscuola Prealpi s.r.l.s.,-,Autoscuola Prealpi s.r.l.s.,Milano,Lombardia,http://www.autoscuolaprealpi.it/
info@viscontiservice.com,Autoscuola Visconti,-,Autoscuola Visconti,Abbiategrasso,Lombardia,https://www.autoscuolevisconti.com/
info@stadiogroup.it,Autoscuola Stadio,-,Autoscuola Stadio,Magenta,Lombardia,https://www.autoscuolastadio.it/
info@scuolaguidalodi.it,Autoscuola Piazzale Lodi di Ing. Luongo Franco,-,Autoscuola Piazzale Lodi di Ing. Luongo Franco,Milano,Lombardia,http://www.scuolaguidalodi.it/
autoscuolaschiavi@gmail.com,Autoscuola Schiavi,-,Autoscuola Schiavi,Rosate,Lombardia,http://www.autoscuolaschiavi.it/
info@autoscuolapicardi.it,Autoscuola Picardi,-,Autoscuola Picardi,Milano,Lombardia,https://autoscuolapicardi.it/
autoscuolapalazzi@gmail.com,Autoscuola Palazzi,-,Autoscuola Palazzi,Milano,Lombardia,https://www.autoscuolapalazzi.it/
autoscuolabuonarroti@gmail.com,Autoscuola & Scuola Nautica Buonarroti,-,Autoscuola & Scuola Nautica Buonarroti,Milano,Lombardia,http://www.autoscuolabuonarroti.org/
autoconti@tiscalinet.it,Autoscuola Conti Snc,-,Autoscuola Conti Snc,Melegnano,Lombardia,http://www.autoscuolaconti.it/
autoscuolamissori@gmail.com,Autoscuola - Agenzia Pratiche Auto Missori S.a.s.,-,Autoscuola - Agenzia Pratiche Auto Missori S.a.s.,Milano,Lombardia,http://www.autoscuolamissori.it/
info@autoscuolasantantonio.com,"Autoscuola S.Antonio- rinnovo patente cqc,pagamento bollo,recupero punti,passaggio proprietà",-,"Autoscuola S.Antonio- rinnovo patente cqc,pagamento bollo,recupero punti,passaggio proprietà",Paullo,Lombardia,http://www.autoscuolasantantonio.com/
autoscuolalambrate@gmail.com,Autoscuola Lambrate,-,Autoscuola Lambrate,Milano,Lombardia,https://www.autoscuolalambrate.it/
info@autoscuolasusa.it,Autoscuola Susa - Scuola guida & Nautica,-,Autoscuola Susa - Scuola guida & Nautica,Milano,Lombardia,http://www.autoscuolasusa.it/
autoscuoladellenazioni@gmail.com,Autoscuola Delle Nazioni,-,Autoscuola Delle Nazioni,Milano,Lombardia,http://www.autoscuoladellenazioni.it/
autobrasile@gmail.com,Autoscuola Brasile,-,Autoscuola Brasile,Pioltello,Lombardia,http://www.autobrasile.com/
studiogm@sermetra.it,Studio Di Consulenza Automobilistica G.M. Sas Di Santaniello Roberto E,-,Studio Di Consulenza Automobilistica G.M. Sas Di Santaniello Roberto E,San Giuliano Milanese,Lombardia,http://www.autoscuolagm.it/
info@autoscuolatre.it,"Autoscuola ""TRE"" Orzinuovi di Carrara Mario & C. snc",-,"Autoscuola ""TRE"" Orzinuovi di Carrara Mario & C. snc",Orzinuovi,Lombardia,https://www.autoscuolatre.it/
info@autoscuolejonathan.it,"Autoscuole Jonathan Locatelli - Patente A,B,C,D,E e CQC Brescia e Cremona",-,"Autoscuole Jonathan Locatelli - Patente A,B,C,D,E e CQC Brescia e Cremona",Verolanuova,Lombardia,http://www.autoscuolejonathan.it/
info@autoscuolamodernamanerbio.it,Autoscuola Moderna,-,Autoscuola Moderna,Manerbio,Lombardia,http://www.autoscuolamodernamanerbio.it/
autoscuolaeagenziaantonio@ptavant.it,Autoscuola e Agenzia Antonio di Stucchi Antonio,-,Autoscuola e Agenzia Antonio di Stucchi Antonio,Trezzo sull'Adda,Lombardia,http://www.scuolaguidaantonio.it/
autoscuolaarcadio@gmail.com,Autoscuola Arcadio,-,Autoscuola Arcadio,Coccaglio,Lombardia,http://www.autoscuolaarcadio.com/
autoscuola.ilponte@pec.libero.it,Autoscuola Il Ponte s.a.s. di Fontana Luca,-,Autoscuola Il Ponte s.a.s. di Fontana Luca,Lodi,Lombardia,http://www.autoscuolailponte.altervista.org/
europa@autoscuolaeuropa.it,Autoscuola Europa,-,Autoscuola Europa,Crema,Lombardia,https://www.autoscuolacrema.com/
info@autoscuolaheida.it,Autoscuola Heida,-,Autoscuola Heida,Brescia,Lombardia,https://autoscuolaheida.it/
autoscuola@gusgroup.it,"Autoscuola e Agenzia Pratiche Auto “GUS"" di Gusberti Fabrizio",-,"Autoscuola e Agenzia Pratiche Auto “GUS"" di Gusberti Fabrizio",Manerbio,Lombardia,http://www.autoscuolagus.it/
aut.rik@libero.it,Autoscuola Rik & Agenzia Pratiche Auto,-,Autoscuola Rik & Agenzia Pratiche Auto,Leno,Lombardia,http://www.autoscuolarik.it/
autoscuolaroncadelle@tin.it,Autoscuola Roncadelle - Chiesanuova,-,Autoscuola Roncadelle - Chiesanuova,Roncadelle,Lombardia,https://www.autoscuolachiesanuovaroncadelle.com/
infocrema@aciautoscuola.com,Autoscuola San Marco,-,Autoscuola San Marco,Treviglio,Lombardia,http://www.aciautoscuola.com/
info@autoscuoladoldi.it,Autoscuola Doldi Di Doldi Giovanni,-,Autoscuola Doldi Di Doldi Giovanni,Crema,Lombardia,https://www.autoscuoladoldi.it/
autoscuola.zingonia@libero.it,Autoscuola Zingonia,-,Autoscuola Zingonia,Ciserano,Lombardia,https://autoscuolazingonia.wordpress.com/
autoscuolamaggi@gmail.com,Autoscuola Maggi Montichiari,-,Autoscuola Maggi Montichiari,Montichiari,Lombardia,http://www.autoscuolamaggi.com/
mn040@delegazioni.aci.it,Aci - Autoscuole Azzoni,-,Aci - Autoscuole Azzoni,Castiglione delle Stiviere,Lombardia,http://www.autoscuoleazzoni.it/
folgore.ghedi@virgilio.it,Autoscuola Folgore,-,Autoscuola Folgore,Ghedi,Lombardia,https://www.autoscuolafolgore.com/
autoscuolaboschettimontichiari@gmail.com,Autoscuole Boschetti,-,Autoscuole Boschetti,Montichiari,Lombardia,https://www.autoscuolaboschetti.it/
autoscuolalonato@virgilio.it,Autoscuola Lonato,-,Autoscuola Lonato,Lonato,Lombardia,http://www.autoscuolalonato.it/
info@autoscuolamax.it,Autoscuola Max Di Folli Massimiliano E C. Sas,-,Autoscuola Max Di Folli Massimiliano E C. Sas,Solarolo,Lombardia,http://www.autoscuolamax.com/
autoscuolamori@avant.it,Autoscuola Mori,-,Autoscuola Mori,Calcinato,Lombardia,http://www.autoscuolamori.it/
safeguarding@rallyfactor.it,Rally Factor Driving School®,-,Rally Factor Driving School®,Mercato Ortofrutticolo,Veneto,http://www.rallyfactor.it/
autoscuolaroma1993@gmail.com,Autoscuola Roma,-,Autoscuola Roma,Verona,Veneto,https://www.autoscuolaromavr.it/
info@autoscuolastadio-vr.it,Autoscuola Stadio,-,Autoscuola Stadio,Verona,Veneto,http://www.autoscuolastadio-vr.it/index.php/lautoscuola/
info@agenziafaccioli.it,Agenzia Faccioli di Faccioli Gianni,-,Agenzia Faccioli di Faccioli Gianni,Villafranca di Verona,Veneto,http://www.agenziafaccioli.it/
info@autoscuolaveronese.com,Autoscuola Veronese,-,Autoscuola Veronese,Verona,Veneto,https://www.autoscuolaveronese.com/
consorziobuscar@gmail.com,Consorzio Autoscuole Bus-Car A R.L.,-,Consorzio Autoscuole Bus-Car A R.L.,Verona,Veneto,https://www.consorziobuscar.it/
info@autoscuolacaprino.it,Autoscuola Caprino,-,Autoscuola Caprino,Caprino Veronese,Veneto,http://www.autoscuolacaprino.it/
info@scuolaguidamontreal.it,Montreal: Scuola Guida a Verona,-,Montreal: Scuola Guida a Verona,Verona,Veneto,https://www.scuolaguidamontreal.it/
info@autoscuolapitstop.it,Autoscuola Pit Stop,-,Autoscuola Pit Stop,Verona,Veneto,https://www.autoscuolapitstop.it/
santalucia@autoscuolecita.it,Autoscuola Santa Lucia,-,Autoscuola Santa Lucia,Verona,Veneto,https://www.autoscuolecita.it/santalucia/
info@autoscuolatrento.it,AUTOSCUOLA TRENTO,-,AUTOSCUOLA TRENTO,Verona,Veneto,http://www.autoscuolatrento.it/
info@autoscuolavaldalpone.it,Autoscuola Valdalpone SRL - Sede HUB di Borgo Venezia - Verona,-,Autoscuola Valdalpone SRL - Sede HUB di Borgo Venezia - Verona,Verona,Veneto,http://www.autoscuolavaldalpone.it/
info@autoscuolecita.it,Autoscuola Milani c.i.t.a.,-,Autoscuola Milani c.i.t.a.,Verona,Veneto,https://www.autoscuolecita.it/
webmaster@autoscuolaverona.it,Autoscuola Fenice,-,Autoscuola Fenice,Buttapietra,Veneto,http://www.autoscuolaverona.it/
autoscuolaredomi@libero.it,Autoscuola Redomi di Munari Giorgio,-,Autoscuola Redomi di Munari Giorgio,Castelnuovo del Garda,Veneto,http://www.autoscuolaredomi.it/
info@autoscuoladuetorri.net,Autoscuola Due Torri,-,Autoscuola Due Torri,Salizzole,Veneto,http://autoscuoladuetorri.net/
info@autoscuolagamma.com,Autoscuola Gamma,-,Autoscuola Gamma,Lonigo,Veneto,https://autoscuolagamma.com/
autoscuoladino@hotmail.it,Autoscuola Dino,-,Autoscuola Dino,San Bonifacio,Veneto,https://www.autoscuoladinosanbonifacio.com/
autoscuola.marangon@gmail.com,Autoscuola Ed Agenzia Marangon (S.A.S.),-,Autoscuola Ed Agenzia Marangon (S.A.S.),Trissino,Veneto,http://www.autoscuolamarangon.it/
michelagasparella@gmail.com,Gasparella,-,Gasparella,Costabissara,Veneto,https://www.autoscuolegasparellavicenza.it/
info@autoscuolafabio.it,Autoscuola Fabio- Riviera Berica,-,Autoscuola Fabio- Riviera Berica,Vicenza,Veneto,https://autoscuolafabio.it/
autoscuolacarlotto1083@gmail.com,Autoscuola Carlotto,-,Autoscuola Carlotto,Arzignano,Veneto,http://www.patenterinnovata.it/autoscuole/862-autoscuola-agenzia-carlotto-di-carlotto-walter
autoscuolamara@libero.it,Autoscuola Mara,-,Autoscuola Mara,Albignasego,Veneto,http://www.autoscuolamara.it/
accademia.padova@email.it,Autoscuola Armistizio,-,Autoscuola Armistizio,Padova,Veneto,https://consorzioautoscuolepd.it/autoscuole-consorziate/autoscuole-consorziate-a-padova/
autoguizza@gmail.com,Autoscuola Guizza Srl,-,Autoscuola Guizza Srl,Padova,Veneto,http://www.autoscuolaguizza.it/
info@autoscuolastarter.it,Autoscuola Starter,-,Autoscuola Starter,Padova,Veneto,http://www.autoscuolastarter.it/
info@volantedoro.it,Autoscuola Volante D'Oro Sas Di Pirotto Sabrina E C.,-,Autoscuola Volante D'Oro Sas Di Pirotto Sabrina E C.,Padova,Veneto,https://volantedoro.it/
autoenauticasaonara@gmail.com,Autoscuola Auto e Scuola Nautica Saonara,-,Autoscuola Auto e Scuola Nautica Saonara,Saonara,Veneto,http://www.autoenauticasaonara.it/
talamini@hotmail.it,Autoscuola Talamini,-,Autoscuola Talamini,Padova,Veneto,http://www.autoscuolatalamini.it/
ab@autoscuolabrusegan.it,Autoscuola Brusegan,-,Autoscuola Brusegan,Padova,Veneto,http://www.autoscuolabrusegan.it/
autoscuolafranca@gmail.com,Autoscuola Franca,-,Autoscuola Franca,Monselice,Veneto,http://www.autoscuolafranca.it/
info@gottardellosrl.it,Autoscuole Aldo Gottardello,-,Autoscuole Aldo Gottardello,Camposampiero,Veneto,http://www.autoscuolaaldogottardello.it/
info@brentauto.it,Autoscuola Agenzia Brentauto,-,Autoscuola Agenzia Brentauto,Vigonovo,Veneto,http://www.brentauto.it/
info@zontaweb.it,Autoscuola Zonta,-,Autoscuola Zonta,San Martino di Lupari,Veneto,http://www.autoscuolezonta.com/
autoscuola.abano@tiscali.it,Autoscuola Mestrino Snc,-,Autoscuola Mestrino Snc,Mestrino,Veneto,https://consorzioautoscuolepd.it/autoscuole-consorziate/autoscuole-consorziate-in-provincia-di-padova/
mogliano@autoscuolestart.it,Agenzia Autoscuola Start snc di Duò Enrico e Michele,-,Agenzia Autoscuola Start snc di Duò Enrico e Michele,Mogliano Veneto,Veneto,http://www.autoscuolestart.it/
info@autoscuola16valvole.it,Driving School 16 Valves,-,Driving School 16 Valves,Marcon-Gaggio-Colmello,Veneto,http://www.autoscuola16valvole.it/
info@autoscuolapiave.it,Autoscuola PIAVE,-,Autoscuola PIAVE,San Donà di Piave,Veneto,https://www.autoscuola-piave.it/
info@autoscuolanuovadelta.it,Autoscuola Nuova Delta,-,Autoscuola Nuova Delta,Cazzago,Veneto,http://www.autoscuolanuovadelta.it/
info@autoscuolanewzero.it,Autoscuola New Zero,-,Autoscuola New Zero,Zero Branco,Veneto,http://autoscuolanewzero.it/
mantoautoscuola@gmail.com,Manto Autoscuola - Olmi,-,Manto Autoscuola - Olmi,Olmi,Veneto,http://www.mantoautoscuola.it/
info@agenziabaradel.it,Agenzia Autoscuola Baradel Snc di Renzo Baradel & C.,-,Agenzia Autoscuola Baradel Snc di Renzo Baradel & C.,San Donà di Piave,Veneto,https://www.agenziabaradel.it/
info@autoscuolaargo.it,Autoscuola Argo,-,Autoscuola Argo,San Donà di Piave,Veneto,http://www.autoscuolaargo.it/
info@accademia-italia.it,Accademia Italia - Sede di Jesolo Lido,-,Accademia Italia - Sede di Jesolo Lido,Lido di Jesolo,Veneto,https://www.accademia-italia.it/
info@agenziacesar.it,Agenzia Autoscuola Cesar,-,Agenzia Autoscuola Cesar,Ponte di Piave,Veneto,https://agenziautoscuolacesar.it/
prata@autoscuolameduna.it,Autoscuola Meduna,-,Autoscuola Meduna,Pasiano di Pordenone,Friuli-Venezia Giulia,https://www.autoscuolameduna.com/
autoscuolamoderna.ud@gmail.com,AUTOSCUOLA MODERNA di ASG AUTOSCUOLE,-,AUTOSCUOLA MODERNA di ASG AUTOSCUOLE,Udine,Friuli-Venezia Giulia,https://www.autoscuolamodernaudine.com/
valtoce@valtoce.it,Autoscuola Valtoce,-,Autoscuola Valtoce,Villadossola,Piemonte,http://valtoce.eu/
info@autoscuolacorna.it,Autoscuola Corna dei F.lli Bonini,-,Autoscuola Corna dei F.lli Bonini,Intra,Piemonte,http://www.autoscuolacorna.it/
info@autoscuolaenzo.it,Autoscuola Enzo,-,Autoscuola Enzo,Sesto Calende,Lombardia,https://www.autoscuolaenzo.it/
autoscuolamentasticolombo@gmail.com,AUTOSCUOLA MENTASTI & COLOMBO SRL Sede di CUNARDO PATENTI A B C D E,-,AUTOSCUOLA MENTASTI & COLOMBO SRL Sede di CUNARDO PATENTI A B C D E,Cunardo,Lombardia,https://autoscuolamentasticolombo.it/
info@autoscuolasommese.it,AUTOSCUOLA SOMMESE,-,AUTOSCUOLA SOMMESE,Somma Lombardo,Lombardia,https://www.autoscuolasommese.it/
autoscuolagiacone@gmail.com,Autoscuola GIACONE Varese,-,Autoscuola GIACONE Varese,Varese,Lombardia,https://www.autoscuolagiacone.it/
autoscuola_luigino@libero.it,Autoscuola Luigino Di Raimondo Antonello & C. S.A.S.,-,Autoscuola Luigino Di Raimondo Antonello & C. S.A.S.,Varese,Lombardia,http://www.autoscuolaluigino.it/
info@autoscuolacatelli.it,Autoscuola Easy Driver gruppo Catelli,-,Autoscuola Easy Driver gruppo Catelli,Uggiate-trevano,Lombardia,http://www.autoscuolacatelli.it/
info@autoscuolagv.it,Autoscuola G.V. Di Guzzetti Gian Vittorio,-,Autoscuola G.V. Di Guzzetti Gian Vittorio,Tradate,Lombardia,http://www.autoscuolagv.it/contatti.phtml
costanza.castiglioni1990@gmail.com,Autoscuola Bustese di De Bernardi Claudio & C.,-,Autoscuola Bustese di De Bernardi Claudio & C.,Busto Arsizio,Lombardia,http://autoscuolebmo.it/
info@autoscuolagiulia.it,Autoscuola Giulia,-,Autoscuola Giulia,Fino Mornasco,Lombardia,https://autoscuolagiulia.it/
autoclubscuolaguida@gmail.com,Autoscuola Autoclub,-,Autoscuola Autoclub,Busto Arsizio,Lombardia,http://www.autoclubscuolaguida.it/
info@autoscuolacentauro.it,Autoscuola Centauro,-,Autoscuola Centauro,Lecco,Lombardia,http://www.autoscuolacentauro.it/
autoscuolalecchese@gmail.com,Autoscuola Lecchese,-,Autoscuola Lecchese,Lecco,Lombardia,http://www.autoscuolalecchese.com/
info@autoscuolarobertoburatti.it,Autoscuola merate - Autoscuola Roberto Buratti,-,Autoscuola merate - Autoscuola Roberto Buratti,Merate,Lombardia,https://www.autoscuolarobertoburatti.it/
bolis@sermetra.it,Autoscuola Bolis,-,Autoscuola Bolis,Oggiono,Lombardia,http://www.autoscuolabolis.it/
autoscuolaborrello@libero.it,AUTOSCUOLA BRIANTEA di Borrello Avv Amedeo,-,AUTOSCUOLA BRIANTEA di Borrello Avv Amedeo,Lissone,Lombardia,https://autoscuoleborrello.it/
info@autoscuola-serena.it,Autoscuola Serena,-,Autoscuola Serena,Verano Brianza,Lombardia,http://www.autoscuola-serena.it/
info@autoscuoladivina.it,Autoscuola Divina,-,Autoscuola Divina,Paderno Dugnano,Lombardia,http://www.autoscuoladivina.it/
vimercate@autoscuolefranco.it,Autoscuola Franco S.N.C.,-,Autoscuola Franco S.N.C.,Lissone,Lombardia,http://www.autoscuolefranco.it/
autoscuola.primo@virgilio.it,Autoscuola Primo,-,Autoscuola Primo,Erba,Lombardia,https://www.autoscuolaprimo.it/
info@autoscuoleburatti.it,Autoscuole Marco Buratti,-,Autoscuole Marco Buratti,Lecco,Lombardia,https://www.autoscuoleburatti.it/
info@autoscuolaricci.com,Autoscuola Ricci di Elena Ricci,-,Autoscuola Ricci di Elena Ricci,Cinisello Balsamo,Lombardia,https://www.autoscuolaricci.com/
autoscuolaprima2.0@gmail.com,Autoscuola Prima 2.0,-,Autoscuola Prima 2.0,Bergamo,Lombardia,https://www.autoscuolaprima.com/
autoscuola.albiatese@gmail.com,Autoscuola Caratese Snc di Visconti Bruno & C.,-,Autoscuola Caratese Snc di Visconti Bruno & C.,Carate Brianza,Lombardia,https://www.albiatese.it/
info@autoscuolezanin.it,Autoscuole Zanin,-,Autoscuole Zanin,Renate,Lombardia,http://www.autoscuolezanin.it/
info@autoscuoleoldani.it,AUTOSCUOLA OLDANI,-,AUTOSCUOLA OLDANI,Barlassina,Lombardia,https://autoscuoleoldani.it/
scuolaguidaflaviasaronno@gmail.com,School Guida Flavia,-,School Guida Flavia,Saronno,Lombardia,http://www.scuolaguidaflaviasaronno.it/
meroni@autoscuolameroni.it,Autoscuola Meroni,-,Autoscuola Meroni,Seregno,Lombardia,http://www.autoscuolameroni.it/
aut.formula1@gmail.com,Autoscuola Formula 1,-,Autoscuola Formula 1,Cesano Maderno,Lombardia,http://www.formulaoppo.com/
info.autoscuolamonzese@gmail.com,Autoscuola Monzese s.a.s. di Roberto Apruzzese & C.,-,Autoscuola Monzese s.a.s. di Roberto Apruzzese & C.,Monza,Lombardia,http://www.autoscuolamonzese.com/
info@consorzioaba.it,Consorzio Autoscuole A.B.A.,-,Consorzio Autoscuole A.B.A.,Seregno,Lombardia,http://consorzioaba.it/
info@autoscuolegalbiati.it,Autoscuola Galbiati,-,Autoscuola Galbiati,Carugate,Lombardia,http://www.autoscuolegalbiati.it/
regazzierminio@libero.it,Autoscuola Regazzi Erminio,-,Autoscuola Regazzi Erminio,Calusco d'Adda,Lombardia,https://www.regazzierminio.it/
info@enzoautoscuola.it,Autoscuola e Agenzia Enzo,-,Autoscuola e Agenzia Enzo,Almenno San Bartolomeo,Lombardia,https://www.enzoautoscuola.it/
fratellicalvi@tin.it,Autoscuola e Scuola Nautica Fratelli Calvi,-,Autoscuola e Scuola Nautica Fratelli Calvi,Bergamo,Lombardia,http://autoscuolacalvi.it/
info@autoscuolasebino.it,Autoscuola Sebino,-,Autoscuola Sebino,Costa Volpino,Lombardia,http://www.autoscuolasebino.it/
jki@mediacom.it,Autoscuola Brolis,-,Autoscuola Brolis,Bergamo,Lombardia,https://www.autoscuolabrolis.com/
info@website.com,Autoscuola F.lli Flaccadori,-,Autoscuola F.lli Flaccadori,Casazza,Lombardia,http://www.flaccadori.com/
info@autoscuolavalcavallina.com,Autoscuola Valcavallina,-,Autoscuola Valcavallina,Trescore Balneario,Lombardia,http://www.autoscuolavalcavallina.com/
leconcesio@gmail.com,Autoscuola Saleri - Concesio (via E. Mattei 139),-,Autoscuola Saleri - Concesio (via E. Mattei 139),Concesio,Lombardia,https://www.autoscuolasaleri.it/sedi/sede-di-concesio-2/
info@twodrive.it,Autoscuola TWODRIVE Gussago,-,Autoscuola TWODRIVE Gussago,Gussago,Lombardia,http://www.twodrive.it/
sangiacomo.autoscuola@gmail.com,Autoscuola San Giacomo Ospitaletto,-,Autoscuola San Giacomo Ospitaletto,Ospitaletto,Lombardia,https://www.autoscuolasangiacomo-ospi.it/
autoscuoleriunite1@libero.it,Autoscuola Palazzolo,-,Autoscuola Palazzolo,Palazzolo sull'Oglio,Lombardia,https://www.autoscuoleriunite.com/
info@autoscuolafranciacorta.it,Autoscuola Franciacorta,-,Autoscuola Franciacorta,Camignone,Lombardia,https://www.autoscuolafranciacorta.it/
autoscuola.saleri@libero.it,Autoscuola Saleri - Concesio (via S. Andrea 89),-,Autoscuola Saleri - Concesio (via S. Andrea 89),Concesio,Lombardia,https://www.autoscuolasaleri.it/sedi/sede-di-concesio/
saleri.villacarcina@gmail.com,Autoscuola Saleri - Villa Carcina,-,Autoscuola Saleri - Villa Carcina,Villa Carcina,Lombardia,https://www.autoscuolasaleri.it/sedi/sede-di-villa-carcina/
autoscuola2000@autoscuoleeurop.it,Autoscuola 2000 – Gruppo autoscuole Europ,-,Autoscuola 2000 – Gruppo autoscuole Europ,Brescia,Lombardia,http://www.autoscuoleeurop.it/sedi/autoscuola-2000/autoscuola-2000-la-sede.html
autoscuolatonina@gmail.com,Autoscuola Tonina Claudio,-,Autoscuola Tonina Claudio,Riva del Garda,Trentino-Alto Adige,https://www.autoscuolatoninariva.com/
info@autoscuolacristina.it,Autoscuola Cristina,-,Autoscuola Cristina,Riva del Garda,Trentino-Alto Adige,http://www.autoscuolacristina.it/
autoscuolafilippi@gmail.com,Autoscuola Filippi,-,Autoscuola Filippi,Rovereto,Trentino-Alto Adige,https://www.autoscuolafilippi.com/
autoscuolamanini@libero.it,Autoscuola Manini,-,Autoscuola Manini,Trento,Trentino-Alto Adige,http://www.autoscuolamanini.it/
rovereto@autoscuoleamadori.info,Ugo Amadori Amadori Snc & C,-,Ugo Amadori Amadori Snc & C,Rovereto,Trentino-Alto Adige,http://www.autoscuoleamadori.info/
accademiadiguida@accademiadiguidasprint.it,Autoscuola Sprint Accademia di Guida,-,Autoscuola Sprint Accademia di Guida,Rovereto,Trentino-Alto Adige,http://www.accademiadiguidasprint.it/
segreteria@autoscuolaalpi.it,Autoscuola Alpi Snc Trento,-,Autoscuola Alpi Snc Trento,Trento,Trentino-Alto Adige,https://www.autoscuolaalpi.it/
info@autoscuolaferrodue.it,Autoscuola Ferro Due,-,Autoscuola Ferro Due,Trento,Trentino-Alto Adige,http://www.autoscuolaferrodue.it/
info@autoscuolavalchiampo.it,Autoscuola Valchiampo,-,Autoscuola Valchiampo,Chiampo,Veneto,http://www.autoscuolavalchiampo.it/
info@autoscuolapasubio.it,Autoscuola Pasubio,-,Autoscuola Pasubio,Valdagno,Veneto,http://www.autoscuolapasubio.it/
agenziaperin@inwind.it,Autoscuola e Scuola Nautica Perin Valdagno,-,Autoscuola e Scuola Nautica Perin Valdagno,Valdagno,Veneto,https://www.patenterinnovata.it/autoscuole/228-perin-lino-dei-flli-perin-snc
info@autoscuolaeffedue.it,AUTOSCUOLA EFFEDUE BARDOLINO,-,AUTOSCUOLA EFFEDUE BARDOLINO,Bardolino,Veneto,http://autoscuolaeffedue.it/
corattrento@gmail.com,CO.R.A.T Consorzio Riunito Autoscuole Trentine,-,CO.R.A.T Consorzio Riunito Autoscuole Trentine,Trento,Trentino-Alto Adige,https://www.corat-trento.it/
info@autoscuolavivian.it,Autoscuola Vivian - Marostica (dentro le mura),-,Autoscuola Vivian - Marostica (dentro le mura),Marostica,Veneto,http://www.autoscuolavivian.it/
agenziacavazzale@gmail.com,Autoscuola Europa - Agenzia Pratiche Auto sede di Dueville,-,Autoscuola Europa - Agenzia Pratiche Auto sede di Dueville,Dueville,Veneto,https://www.autoscuola-dueville.it/
autoscuoleriunite.sede@gmail.com,Autoscuole Riunite Vicenza - San Lazzaro,-,Autoscuole Riunite Vicenza - San Lazzaro,Vicenza,Veneto,https://www.autoscuolevicenza.it/
info@autoscuolamarconvicenza.it,Autoscuola Marcon S.A.S. Of Marcon Renato & C.,-,Autoscuola Marcon S.A.S. Of Marcon Renato & C.,Vicenza,Veneto,https://www.autoscuolamarconvicenza.com/
sandrigo@autoscuoleviemme.it,Autoscuole ViEmme srl,-,Autoscuole ViEmme srl,Sandrigo,Veneto,https://www.autoscuoleviemme.it/
autoscuola.summano@libero.it,Autoscuola e Agenzia Summano,-,Autoscuola e Agenzia Summano,Schio,Veneto,https://www.autoscuoladalzotto.it/Summano
info@autoscuolavictoria.com,Autoscuola Victoria di Ricci Annamaria E. C. SNC,-,Autoscuola Victoria di Ricci Annamaria E. C. SNC,Trissino,Veneto,http://www.autoscuolavictoria.it/
info@autoscuolagierre.com,Autoscuola Gierre Remonato Di Giorgio & C. S.A.S.,-,Autoscuola Gierre Remonato Di Giorgio & C. S.A.S.,Romano d'Ezzelino,Veneto,http://www.autoscuolagierre.com/
info@autoscuoladriveon.it,Autoscuola Valsugana,-,Autoscuola Valsugana,Rosà,Veneto,https://autoscuoladriveon.it/contattaci/
velox.autoscuola@libero.it,Autoscuola Velox,-,Autoscuola Velox,Seghe,Veneto,https://www.autoscuoladalzotto.it/Velox
info@autoscuolarizzardi.it,Autoscuola Rizzardi,-,Autoscuola Rizzardi,Fontaniva,Veneto,http://autoscuolarizzardi.it/
montegrappafontese@gmail.com,Autoscuola Montegrappa & Fontese (S.N.C.),-,Autoscuola Montegrappa & Fontese (S.N.C.),Crespano del Grappa,Veneto,http://www.montegrappaefontese.it/sede-di-crespano-del-grappa/
info@autoscuolaveneta.com,Autoscuola Veneta,-,Autoscuola Veneta,Conegliano,Veneto,http://www.autoscuolaveneta.com/
info@autoscuolafiera.it,Autoscuola Fiera,-,Autoscuola Fiera,Treviso,Veneto,https://www.autoscuolafiera.com/
info@agenziapointcar.it,Autoscuola Point Car Srl,-,Autoscuola Point Car Srl,Montebelluna,Veneto,https://www.autoscuolapointcar.com/
info@autoscuolasolari.it,Autoscuola Solari,-,Autoscuola Solari,Feltre,Veneto,http://www.autoscuolasolari.it/
info@autoscuolalamarca.it,Autoscuola La Marca,-,Autoscuola La Marca,Dosson,Veneto,https://www.autoscuolalamarca.it/
laconeglianese@gmail.com,Autoscuola Coneglianese,-,Autoscuola Coneglianese,Conegliano,Veneto,https://www.autoscuolaconeglianese.it/
autoscuolazero9treviso@pec.it,Autoscuola Zero9 di Armellin Fabrizio,-,Autoscuola Zero9 di Armellin Fabrizio,Treviso,Veneto,https://autoscuolazero9.it/
autoscuolagagliano@libero.it,Autoscuole - agenzie pratiche auto Vettorazzo Gagliano,-,Autoscuole - agenzie pratiche auto Vettorazzo Gagliano,Pieve di Soligo,Veneto,http://www.autoscuolavettorazzo.com/
renato@autoscuolazonta.it,Autoscuola Zonta Castelfranco,-,Autoscuola Zonta Castelfranco,Castelfranco Veneto,Veneto,http://www.autoscuolazonta.it/
info@autoscuolalunardon.it,Autoscuola Lunardon,-,Autoscuola Lunardon,Castelfranco Veneto,Veneto,https://www.autoscuolalunardon.com/
info@autoscuolacurto.it,Autoscuola Curto,-,Autoscuola Curto,Feltre,Veneto,https://www.autoscuolacurto.com/
info.autoscuolacaber@gmail.com,Autoscuola Caber,-,Autoscuola Caber,Conegliano,Veneto,http://www.autoscuolacaber.com/
info@autoscuolazambon.it,Autoscuola Zambon,-,Autoscuola Zambon,San Polo di Piave,Veneto,https://www.autoscuolazambon.it/
info.autoardea@gmail.com,AUTOSCUOLA ARDEA,-,AUTOSCUOLA ARDEA,Gaiarine,Veneto,http://www.ardeautoscuola.it/contatti/
autoagenziamotors@tiscali.it,Autoscuola Motor,-,Autoscuola Motor,Oderzo,Veneto,https://www.autoscuolamotor.com/
info@autoscuolabressan.com,Autoscuola Bressan,-,Autoscuola Bressan,Sacile,Friuli-Venezia Giulia,https://www.autoscuolabressan.com/
info@nuvolarisas.it,Autoscuola Nuvolari Srl,-,Autoscuola Nuvolari Srl,Motta di Livenza,Veneto,https://www.autoscuolanuvolari.it/
autoscuolagrigoletti@virgilio.it,Autoscuola Grigoletti,-,Autoscuola Grigoletti,Pordenone,Friuli-Venezia Giulia,https://autoscuolagrigoletti.it/
autoscuolalunasanvito@gmail.com,Autoscuola Lenarduzzi,-,Autoscuola Lenarduzzi,San Vito al Tagliamento,Friuli-Venezia Giulia,https://www.autoscuolalenarduzzisanvitoaltagliamento.it/
autoscuolagnoluzzi@gmail.com,Autoscuola Agnoluzzi,-,Autoscuola Agnoluzzi,San Vito al Tagliamento,Friuli-Venezia Giulia,https://www.autoscuolagnoluzzi.com/
info@autoscuolaveloxud.it,Autoscuola Velox CORSI ADR,-,Autoscuola Velox CORSI ADR,Udine,Friuli-Venezia Giulia,http://www.autoscuolaveloxud.it/
autoscuolaclabassi@libero.it,Autoscuola Rino Clabassi,-,Autoscuola Rino Clabassi,Codroipo,Friuli-Venezia Giulia,https://www.autoscuolaclabassi.com/
maniago@gruppolenarduzzi.it,Autoscuola Lenarduzzi srl,-,Autoscuola Lenarduzzi srl,Maniago,Friuli-Venezia Giulia,http://www.autoscuolalenarduzzi.it/it/autoscuola-maniago
info@autoscuolatesan.it,Autoscuola Tesan,-,Autoscuola Tesan,Spilimbergo,Friuli-Venezia Giulia,https://www.autoscuolatesan.it/it/home.html
info@guidapompefunebri.com,Impresa Pompe Funebri Guida,-,Impresa Pompe Funebri Guida,Gravellona Toce,Piemonte,https://www.guidapompefunebri.com/
autoscuola.sangiorgio@sermetra.it,Autoscuola San Giorgio - Zero Kelvin Srl -,-,Autoscuola San Giorgio - Zero Kelvin Srl -,Sondrio,Lombardia,http://www.autoscuolasangiorgio.com/
info@nuovabaroncini.com,Autoscuola Nuova Baroncini Snc,-,Autoscuola Nuova Baroncini Snc,Sondrio,Lombardia,http://www.nuovabaroncini.com/
autoscuolaporro@gmail.com,Agenzia Autoscuola Porro,-,Agenzia Autoscuola Porro,Edolo,Lombardia,http://www.autoscuolaporro.it/
autoscuolagiudicarie@gmail.com,AUTOSCUOLA GIUDICARIE,-,AUTOSCUOLA GIUDICARIE,Tione di Trento,Trentino-Alto Adige,https://www.autoscuolagiudicarie.it/
info@easydrive.bz,Autoscuola Easydrive,-,Autoscuola Easydrive,Ora,Trentino-Alto Adige,http://www.easydrive.bz/
unterwegersimon@alice.it,Fahrschule - Autoscuola Simon,-,Fahrschule - Autoscuola Simon,Egna,Trentino-Alto Adige,https://www.autoscuolasimon.it/
bruneck@europa-bz.com,Autoscuola Europa,-,Autoscuola Europa,Bolzano,Trentino-Alto Adige,https://www.europa-bz.com/
info@autoscuoladino.com,Autoscuola Dino Fahrschule,-,Autoscuola Dino Fahrschule,Bolzano,Trentino-Alto Adige,http://www.autoscuoladino.com/
info@autoscuola-gianni.com,Autoscuola Gianni,-,Autoscuola Gianni,Bolzano,Trentino-Alto Adige,https://www.autoscuola-gianni.it/
info@ulli-bz.it,Autoscuola Ulli,-,Autoscuola Ulli,Bolzano,Trentino-Alto Adige,http://www.ulli-bz.it/
info@autoscuola-vajolet.com,Autoscuola Vajolet,-,Autoscuola Vajolet,Bolzano,Trentino-Alto Adige,https://www.autoscuolavajolet.it/
ferlisi@sermetra.it,Autoscuola Isi e Agenzia Pratiche Auto,-,Autoscuola Isi e Agenzia Pratiche Auto,Merano,Trentino-Alto Adige,https://www.autoscuolaisi.it/
leifers@klaro.bz.it,Fahrschule Klaro | Scuola guida Klaro,-,Fahrschule Klaro | Scuola guida Klaro,San Giacomo,Trentino-Alto Adige,https://www.klaro.bz.it/
steiner.bx@gmail.com,Autofahrschule Steiner GmbH - Fahrschule Steiner,-,Autofahrschule Steiner GmbH - Fahrschule Steiner,Bressanone,Trentino-Alto Adige,http://www.fahrschulesteiner.it/
info@rosengarten.bz,Fahrschule Rosengarten,-,Fahrschule Rosengarten,Bolzano,Trentino-Alto Adige,https://www.rosengarten.bz/
cavaletant@sermetra.it,Autoscuole Polo Nord - Agenzia Automobilistica -Passaggi di Proprieta',-,Autoscuole Polo Nord - Agenzia Automobilistica -Passaggi di Proprieta',Zuel,Veneto,https://autoscuolepolonord.it/
info@autoscuolafughetta.it,Autoscuola Fughetta,-,Autoscuola Fughetta,Belluno,Veneto,http://www.autoscuolafughetta.it/contatti/
autoscuolavecchies@iol.it,Autoscuola Vecchies,-,Autoscuola Vecchies,Pordenone,Friuli-Venezia Giulia,https://www.autoscuolavecchies.it/
autoscuolalunaporcia@gmail.com,Autoscuola Luna,-,Autoscuola Luna,Porcia,Friuli-Venezia Giulia,https://www.autoscuolaluna.com/
carpordenonesi@libero.it,Consorzio Autoscuole Riunite Pordenonesi,-,Consorzio Autoscuole Riunite Pordenonesi,Pordenone,Friuli-Venezia Giulia,https://www.consorzioautoscuoleriunitepordenonesi.it/
autos.altofriuli@libero.it,Autoscuola Alto Friuli,-,Autoscuola Alto Friuli,Tolmezzo,Friuli-Venezia Giulia,https://www.autoscuolaaltofriuli.it/
info@autoscuolafriulana.it,Autoscuola Friulana,-,Autoscuola Friulana,Gemona,Friuli-Venezia Giulia,http://www.autoscuolafriulana.it/
autoscuolageno@libero.it,Autoscuola Geno,-,Autoscuola Geno,Como,Lombardia,https://www.autoscuolageno.com/
fahrschule.rainer@hotmail.it,Fahrschule Rainer Michael,-,Fahrschule Rainer Michael,Stazione,Trentino-Alto Adige,http://www.fahrschulerainer.it/
